time,timetext,size,latitude,longitude,address
2014-04-01,2014년 4월 1일,5.1,36.95 N,124.5 E,충남 태안군 서격렬비도 서북서쪽 100km 해역
2004-05-29,2004년 5월 29일,5.2,36.8 N,130.2 E,경북 울진 동쪽 약 80km 해역
2003-03-30,2003년 3월 30일,5,37.8 N,123.7 E,인천광역시 백령도 서남서쪽 약 80km 해역
2016-04-19,2016년 4월 19일,5.5,32.6 N,130.7 E,일본 규슈 구마모토현 구마모토 남쪽 23km 지역
2016-04-18,2016년 4월 18일,5.8,33.0 N,131.2 E,일본 규슈 오이타현 오이타 남서쪽 46km 지역
2016-04-17,2016년 4월 17일,7.4,0.2 N,-80.1 E,에콰도르 페데르날레스 북북서쪽 14km 해역
2016-04-16,2016년 4월 16일,5.3,33.3 N,131.4 E,일본 규슈 오이타현 오이타 서북서쪽 21km 지역
2016-04-16,2016년 4월 16일,5.8,33.0 N,131.2 E,일본 규슈 오이타현 오이타 남서쪽 46km 지역
2016-04-16,2016년 4월 16일,5.8,33.0 N,131.1 E,일본 규슈 구마모토현 구마모토 동북동쪽 43km 지역
2016-04-16,2016년 4월 16일,6,32.9 N,130.9 E,일본 규슈 구마모토현 구마모토 동북동쪽 21km 지역
2015-12-26,2015년 12월 26일,6.2,36.52 N,71.14 E,아프가니스탄 카불 북동쪽 283km 지역
2015-12-18,2015년 12월 18일,6.6,15.8 N,-93.5 E,멕시코 멕시코시티 남동쪽 719km 지역
2015-12-07,2015년 12월 7일,7.2,38.26 N,72.72 E,타지키스탄 두샨베 동쪽 345km 지역
2015-12-05,2015년 12월 5일,7.1,-47.74 N,85.18 E,호주 퍼스 남서쪽 3124km 해역
2015-11-26,2015년 11월 26일,6.4,-9.22 N,-71.27 E,브라질 타라우아카 남남서쪽 130km 지역
2015-11-25,2015년 11월 25일,7.5,-10.59 N,-70.97 E,페루 이베리아 서북서쪽 173km 지역
2015-11-20,2015년 11월 20일,6,25.9 N,143.4 E,일본 도쿄 남남동쪽 1142km 해역
2015-11-19,2015년 11월 19일,7,-8.7 N,158.7 E,솔로몬제도 다달리 남남서쪽 80km 해역
2015-11-15,2015년 11월 15일,5.8,31.3 N,128.8 E,일본 규슈 가고시마현 가고시마 서남서쪽 170km 해역
2015-11-14,2015년 11월 14일,7,30.9 N,128.7 E,일본 규슈 가고시마현 가고시마 서남서쪽 193km 해역
2015-11-07,2015년 11월 7일,6.8,-30.91 N,-71.54 E,칠레 산티아고 북북서쪽 295km 지역
2015-11-04,2015년 11월 4일,6.3,-8.35 N,124.9 E,동티모르 딜리 서북서쪽 77km 지역
2015-11-02,2015년 11월 2일,5.9,22.71 N,121.6 E,대만 타이둥 동쪽 47km 해역
2015-10-26,2015년 10월 26일,7.7,36.46 N,70.71 E,아프가니스탄 카불 북북동쪽 256km 지역
2015-10-21,2015년 10월 21일,5.5,37.3 N,141.2 E,일본 도쿄 북동쪽 230km 해역
2015-10-21,2015년 10월 21일,7.3,-14.8 N,167.4 E,바누아투 포트빌라 북북서쪽 339km 해역
2015-10-20,2015년 10월 20일,5.7,27.4 N,140.8 E,일본 도쿄 남쪽 900km 해역
2015-10-17,2015년 10월 17일,6,-25.48 N,-64.44 E,아르헨티나 엘 갈폰 동남동쪽 24km 지역
2015-09-26,2015년 9월 26일,6.2,-30.82 N,-71.39 E,칠레 산티아고 북북서쪽 300km 지역
2015-09-22,2015년 9월 22일,6.1,-31.48 N,-71.2 E,칠레 산티아고 북북서쪽 225km 지역
2015-09-19,2015년 9월 19일,6.1,-31.11 N,-71.61 E,칠레 산티아고 북북서쪽 274km 지역
2015-09-17,2015년 9월 17일,6.4,-31.59 N,-71.43 E,칠레 산티아고 북북서쪽 219km 지역
2015-09-17,2015년 9월 17일,7.9,-31.5 N,-71.9 E,칠레 산티아고 북북서쪽 246km 해역
2015-09-16,2015년 9월 16일,5.5,24.31 N,121.86 E,대만 타이베이 남남동쪽 86km 해역
2015-09-02,2015년 9월 2일,5.6,31.35 N,141.87 E,일본 혼슈 가나가와현 요코하마 남남동쪽 500km 해역
2015-08-14,2015년 8월 14일,5.1,42.8 N,143.2 E,일본 홋카이도 구시로 서남서쪽 98km 지역
2015-08-13,2015년 8월 13일,5.5,24.06 N,122.45 E,대만 타이베이 남동쪽 143km 해역
2015-08-06,2015년 8월 6일,5.2,36.5 N,140.6 E,일본 혼슈 이바라키현 미토 북동쪽 19km 지역
2015-07-29,2015년 7월 29일,6.2,59.9 N,-153.2 E,알래스카 앵커리지 남서쪽 233km 지역
2015-07-28,2015년 7월 28일,7,-2.8 N,138.6 E,인도네시아 아베푸라 서쪽 221km 지역
2015-07-18,2015년 7월 18일,7.5,-10.33 N,165.2 E,솔로몬제도 라타 서북서쪽 81km 해역
2015-07-13,2015년 7월 13일,5.7,33.0 N,131.9 E,일본 규슈 오이타현 오이타 남동쪽 38km 해역
2015-07-10,2015년 7월 10일,7,-9.32 N,158.42 E,솔로몬제도 다달리 남남서쪽 156km 해역
2015-07-10,2015년 7월 10일,5.8,40.4 N,141.6 E,일본 혼슈 아오모리현 아오모리 동남동쪽 86km 지역
2015-07-07,2015년 7월 7일,6.2,43.7 N,147.8 E,일본 홋카이도 구시로 동북동쪽 288km 해역
2015-07-03,2015년 7월 3일,6.5,37.6 N,78.2 E,중국 호탄 서북서쪽 161km 지역
2015-06-23,2015년 6월 23일,6.9,27.7 N,140.3 E,일본 도쿄 남쪽 885km 해역
2015-06-11,2015년 6월 11일,5.7,39.6 N,143.8 E,일본 혼슈 이와테현 모리오카 동쪽 227km 해역
2015-06-11,2015년 6월 11일,5.8,39.7 N,143.7 E,일본 혼슈 이와테현 모리오카 동쪽 218km 해역
2015-06-10,2015년 6월 10일,6,-22.41 N,-68.33 E,칠레 산페드로 드 아타카마 북북서쪽 57km 지역
2015-06-10,2015년 6월 10일,5.6,39.6 N,143.7 E,일본 혼슈 이와테현 모리오카 동쪽 218km 해역
2015-06-08,2015년 6월 8일,5.5,41.5 N,142.0 E,일본 혼슈 아오모리현 아오모리 북동쪽 129km 해역
2015-06-05,2015년 6월 5일,6,6.08 N,116.55 E,말레이시아 라나우 북서쪽 19km 지역
2015-06-04,2015년 6월 4일,5,43.5 N,144.1 E,일본 홋카이도 구시로 북북서쪽 62km 지역
2015-06-03,2015년 6월 3일,6,27.9 N,140.9 E,일본 도쿄 남남동쪽 870km 해역
2015-05-31,2015년 5월 31일,6.3,30.7 N,143.0 E,일본 도쿄 남남동쪽 634km 해역
2015-05-31,2015년 5월 31일,5.6,25.3 N,140.5 E,일본 도쿄 남쪽 1158km 해역
2015-05-30,2015년 5월 30일,8.5,27.9 N,140.8 E,일본 도쿄 남쪽 870km 해역
2015-05-25,2015년 5월 25일,5.6,36.1 N,139.6 E,일본 혼슈 사이타마현 사이타마 북쪽 27km 지역
2015-05-22,2015년 5월 22일,6,-9.78 N,160.33 E,솔로몬제도 호니아라 남동쪽 56km 지역
2015-05-13,2015년 5월 13일,6.6,38.9 N,142.1 E,일본 혼슈 이와테현 모리오카 남동쪽 121km 해역
2015-05-12,2015년 5월 12일,6.3,27.62 N,86.17 E,네팔 카트만두 동쪽 83km 지역
2015-05-12,2015년 5월 12일,7.4,27.84 N,86.15 E,네팔 카트만두 동쪽 83km 지역
2015-05-07,2015년 5월 7일,7.2,-7.24 N,154.67 E,파푸아뉴기니 팡구나 남서쪽 136km 해역
2015-05-05,2015년 5월 5일,7.5,-5.6 N,152.1 E,파푸아뉴기니 코코포 남쪽 139km 해역
2015-05-01,2015년 5월 1일,7.1,-5.3 N,151.8 E,파푸아뉴기니 코코포 남남서쪽 116km 지역
2015-04-30,2015년 4월 30일,6.8,-5.4 N,151.9 E,파푸아뉴기니 코코포 남남서쪽 122km 지역
2015-04-26,2015년 4월 26일,6.7,27.73 N,86.15 E,네팔 카트만두 동쪽 81km 지역
2015-04-26,2015년 4월 26일,5.6,24.03 N,122.44 E,대만 타이베이 남동쪽 145km 해역
2015-04-25,2015년 4월 25일,6.6,28.19 N,84.87 E,네팔 카트만두 북서쪽 70km 지역
2015-04-25,2015년 4월 25일,7.5,28.17 N,84.73 E,네팔 카트만두 북서쪽 77km 지역
2015-04-20,2015년 4월 20일,5.7,24.01 N,122.39 E,대만 타이베이 남동쪽 144km 해역
2015-04-20,2015년 4월 20일,5.8,24.12 N,122.41 E,대만 타이베이 남동쪽 136km 해역
2015-04-20,2015년 4월 20일,6.3,24.05 N,122.37 E,대만 타이베이 남동쪽 139km 해역
2015-03-30,2015년 3월 30일,7.6,-4.7 N,152.7 E,파푸아뉴기니 타론 남서쪽 45km 해역
2015-03-25,2015년 3월 25일,5,42.4 N,143.1 E,일본 홋카이도 구시로 서남서쪽 123km 지역
2015-03-23,2015년 3월 23일,6,23.7 N,121.76 E,대만 화련 남동쪽 35km 해역
2015-03-23,2015년 3월 23일,6.1,-18.44 N,-69.36 E,칠레 아리카 동쪽 99km 지역
2015-03-11,2015년 3월 11일,6.2,6.83 N,-73.01 E,콜롬비아 보고타 북북동쪽 272km 지역
2015-02-24,2015년 2월 24일,5.9,39.6 N,143.5 E,일본 혼슈 이와테현 모리오카 동쪽 201km 해역
2015-02-21,2015년 2월 21일,5.9,39.9 N,143.6 E,일본 혼슈 이와테현 모리오카 동쪽 210km 해역
2015-02-20,2015년 2월 20일,6.1,39.8 N,143.7 E,일본 혼슈 이와테현 모리오카 동쪽 218km 해역
2015-02-17,2015년 2월 17일,5.7,40.1 N,142.1 E,일본 혼슈 이와테현 모리오카 동북동쪽 92km 해역
2015-02-17,2015년 2월 17일,6.9,39.9 N,144.5 E,일본 혼슈 이와테현 모리오카 동쪽 287km 해역
2015-02-14,2015년 2월 14일,6.1,22.66 N,121.46 E,대만 카오슝 동쪽 125km 해역
2015-02-12,2015년 2월 12일,6.9,-23.16 N,-67.18 E,칠레 산페드로 드 아타카마 동남동쪽 109km 지역
2015-02-06,2015년 2월 6일,5,33.7 N,134.4 E,일본 시코쿠 도쿠시마 남남서쪽 44km 지역
2015-02-02,2015년 2월 2일,6.3,-32.72 N,-67.06 E,아르헨티나 라푼타 북서쪽 87km 지역
2015-01-25,2015년 1월 25일,5.7,29.3 N,140.1 E,일본 혼슈 시즈오카현 시즈오카 남남동쪽 651km 해역
2015-01-07,2015년 1월 7일,5.4,24.26 N,121.7 E,대만 타이베이 남남동쪽 86km 지역
2014-12-25,2014년 12월 25일,5.5,37.2 N,141.6 E,일본 후쿠시마현 후쿠시마 동남동쪽 117km 해역
2014-12-20,2014년 12월 20일,5.8,37.4 N,141.6 E,일본 후쿠시마현 후쿠시마 동남동쪽 107km 해역
2014-12-11,2014년 12월 11일,6.8,25.7 N,122.17 E,대만 타이베이 북동쪽 104km 해역
2014-12-06,2014년 12월 6일,5.1,35.5 N,135.7 E,일본 교토부(혼슈) 교토 북쪽 55km 지역
2014-11-26,2014년 11월 26일,7,1.9 N,126.6 E,인도네시아 테르나테 북서쪽 150km 해역
2014-11-22,2014년 11월 22일,6.8,36.7 N,137.9 E,일본 혼슈 나가노현 나가노 서북서쪽 27km 지역
2014-11-15,2014년 11월 15일,7.3,1.94 N,126.65 E,인도네시아 테르나테 북북서쪽 150km 해역
2014-10-22,2014년 10월 22일,5.5,27.4 N,128.7 E,일본 오키나와현 오키나와 북동쪽 166km 해역
2014-10-16,2014년 10월 16일,5.9,32.1 N,140.7 E,일본 가나가와현 요코하마 남남동쪽 384km 해역
2014-10-14,2014년 10월 14일,7.4,12.61 N,-88.07 E,엘살바도르 인티푸카 남쪽 64km 해역
2014-10-11,2014년 10월 11일,5.6,40.9 N,143.2 E,일본 혼슈 아오모리현 아오모리 동쪽 206km 해역
2014-10-11,2014년 10월 11일,6.1,41.0 N,143.2 E,일본 혼슈 아오모리현 아오모리 동쪽 207km 해역
2014-10-07,2014년 10월 7일,6,23.41 N,100.52 E,중국 린창시 남동쪽 70km 지역
2014-10-03,2014년 10월 3일,5.5,40.2 N,142.6 E,일본 혼슈 이와테현 모리오카 동북동쪽 135km 해역
2014-09-26,2014년 9월 26일,6.2,61.97 N,-151.79 E,미국 알래스카 앵커리지 북서쪽 130km 지역
2014-09-24,2014년 9월 24일,6.2,-23.85 N,-66.55 E,아르헨티나 산살바도르 서북서쪽 133km 지역
2014-09-17,2014년 9월 17일,7.1,13.74 N,144.54 E,괌 하갓냐 북서쪽 37km 해역
2014-09-16,2014년 9월 16일,5.6,36.1 N,139.9 E,일본 도쿄 북동쪽 50km 지역
2014-09-03,2014년 9월 3일,5.2,36.9 N,139.5 E,일본 혼슈 도치기현 우쓰노미야 북서쪽 51km 지역
2014-08-29,2014년 8월 29일,6.1,32.1 N,132.2 E,일본 규슈 미야자키현 미야타키 동북동쪽 77km 해역
2014-08-25,2014년 8월 25일,6.8,-15.04 N,-74.03 E,페루 나즈카 동남동쪽 101km 지역
2014-08-24,2014년 8월 24일,6,38.21 N,-122.32 E,미국 샌프란시스코 북북동쪽 50km 지역
2014-08-24,2014년 8월 24일,6.6,-32.7 N,-71.39 E,칠레 산티아고 북서쪽 108km 지역
2014-08-10,2014년 8월 10일,6.1,41.1 N,142.3 E,일본 혼슈 아오모리현 아오모리 동북동쪽 134km 해역
2014-08-03,2014년 8월 3일,6.1,27.25 N,103.43 E,중국 웬핑 서북서쪽 11km 지역
2014-08-03,2014년 8월 3일,7.2,0.9 N,146.2 E,파푸아뉴기니 로렌가우 북북서쪽 334km 해역
2014-07-29,2014년 7월 29일,6.3,17.84 N,-95.52 E,멕시코 아카유칸 서쪽 65km 지역
2014-07-21,2014년 7월 21일,6.2,44.7 N,148.3 E,일본 홋카이도 구시로 동북동쪽 368km 해역
2014-07-12,2014년 7월 12일,6.8,37.0 N,142.6 E,일본 혼슈 이바라키현 미토 동북동쪽 203km 해역
2014-07-08,2014년 7월 8일,5.8,42.7 N,141.3 E,일본 홋카이도 삿포로 남쪽 40km 지역
2014-07-07,2014년 7월 7일,7.1,14.8 N,-92.6 E,멕시코 마자탄 서남서쪽 17km 해역
2014-07-05,2014년 7월 5일,5.8,39.7 N,142.2 E,일본 후쿠시마현 후쿠시마 북동쪽 263km 해역
2014-07-01,2014년 7월 1일,6.1,28.5 N,139.5 E,일본 도쿄 남쪽 800km 해역
2014-06-29,2014년 6월 29일,7.1,-55.56 N,-28.57 E,아르헨티나 우수아이아 동남동쪽 2497km 해역
2014-06-29,2014년 6월 29일,6.2,24.6 N,142.2 E,일본 이오지마 동남동쪽 91km 해역
2014-06-24,2014년 6월 24일,8,51.8 N,178.76 E,알라스카 리틀 시트킨섬 남동쪽 24km 해역
2014-06-24,2014년 6월 24일,7.2,-30.1 N,-177.0 E,뉴질랜드 라울섬 남동쪽 126km 해역
2014-06-16,2014년 6월 16일,6.1,37.7 N,-162.0 E,알라스카 노아턱 동북동쪽 31km 지역
2014-06-16,2014년 6월 16일,5.8,37.1 N,141.2 E,일본 후쿠시마현 후쿠시마 남동쪽 98km 해역
2014-06-16,2014년 6월 16일,5.6,36.6 N,141.9 E,일본 이바라키현 미토 동쪽 130km 해역
2014-06-15,2014년 6월 15일,5.5,39.4 N,141.1 E,일본 이와테현 모리오카 남쪽 34km 지역
2014-06-08,2014년 6월 8일,5.2,39.1 N,141.8 E,일본 이와테현 모리오카 남동쪽 87km 지역
2014-06-07,2014년 6월 7일,6,67.88 N,-162.38 E,알라스카 노아턱 북동쪽 42km 지역
2014-05-30,2014년 5월 30일,5.9,24.98 N,97.87 E,중국 잉장현 북북서쪽 35km 지역
2014-05-21,2014년 5월 21일,5.9,23.74 N,121.45 E,대만 화롄 남남서쪽 33km 지역
2014-05-10,2014년 5월 10일,6,17.26 N,-100.75 E,멕시코 테크판 데 갈레아나 서쪽 14km 지역
2014-05-09,2014년 5월 9일,6.8,17.2 N,-100.8 E,멕시코 테크판 데 갈레아나 서남서쪽 13km 지역
2014-05-05,2014년 5월 5일,6,19.7 N,99.68 E,태국 치앙라이 남서쪽 27km 지역
2014-05-05,2014년 5월 5일,6.2,35.0 N,139.4 E,일본 도쿄 남남서쪽 80km 해역
2014-04-19,2014년 4월 19일,7.8,-6.7 N,155.0 E,파푸아뉴기니 팡구나 남서쪽 68km 해역
2014-04-18,2014년 4월 18일,7.5,17.55 N,-100.9 E,멕시코 아카풀코 북서쪽 130km 지역
2014-04-13,2014년 4월 13일,7.7,-11.48 N,162.06 E,솔로몬제도 키라키라 남쪽 114km 해역
2014-04-13,2014년 4월 13일,8.3,-11.34 N,162.34 E,솔로몬제도 키라키라 남남동쪽 108km 해역
2014-04-12,2014년 4월 12일,6.6,11.6 N,-86.1 E,니카라과 난다이메 남남서쪽 18km 지역
2014-04-11,2014년 4월 11일,7.3,-6.6 N,155.1 E,파푸아뉴기니 팡구나 남서쪽 52km 해역
2014-04-11,2014년 4월 11일,6.1,12.54 N,-86.47 E,니카라과 라레이나가 남동쪽 18km 지역
2014-04-03,2014년 4월 3일,7.6,-20.5 N,-70.4 E,칠레 이키케 남쪽 19km 지역
2014-04-03,2014년 4월 3일,5.3,39.2 N,141.8 E,일본 이와테현 모리오카 남동쪽 79km 지역
2014-04-02,2014년 4월 2일,8,-19.8 N,-70.8 E,칠레 이키케 북서쪽 83km 해역
2014-03-19,2014년 3월 19일,5.6,24.05 N,122.27 E,대만 타이베이 남동쪽 133km 해역
2014-03-17,2014년 3월 17일,7,-19.84 N,-70.57 E,칠레 이퀴크 북서쪽 61km 해역
2014-03-15,2014년 3월 15일,6.2,-14.06 N,-76.23 E,페루 파라카스 남남동쪽 21km 지역
2014-03-14,2014년 3월 14일,6.1,33.7 N,131.9 E,일본 규슈 오이타현 북북동쪽 58km 해역
2014-03-03,2014년 3월 3일,6.6,27.4 N,127.4 E,일본 오키나와현 오키나와 북북서쪽 125km 해역
2014-02-12,2014년 2월 12일,6.8,35.92 N,82.56 E,중국 호탄 동남동쪽 269km 지역
2014-02-06,2014년 2월 6일,5.6,38.6 N,142.4 E,일본 미야기현 센다이 북동쪽 138km 해역
2014-01-20,2014년 1월 20일,6.3,-40.65 N,175.86 E,뉴질랜드 웰링턴 북동쪽 115km 지역
2014-01-09,2014년 1월 9일,5.6,24.6 N,123.5 E,일본 오키나와 이시가키 북서쪽 70km 해역
2014-01-07,2014년 1월 7일,6.1,25.36 N,123.19 E,대만 타이베이 동북동쪽 176km 해역
2013-12-31,2013년 12월 31일,5.4,36.7 N,140.7 E,일본 이바라키현 미토 북북동쪽 42km 지역
2013-12-23,2013년 12월 23일,5.8,35.7 N,142.3 E,일본 이바라키현 미토 동남동쪽 180km 해역
2013-12-23,2013년 12월 23일,5.7,35.7 N,142.2 E,일본 이바라키현 미토 동남동쪽 172km 해역
2013-12-21,2013년 12월 21일,5.3,36.0 N,140.2 E,일본 도쿄 북동쪽 57km 지역
2013-12-16,2013년 12월 16일,5.1,31.1 N,110.4 E,중국 후베이성 이창시 서북서쪽 97km 지역
2013-12-14,2013년 12월 14일,5.5,35.6 N,140.8 E,일본 혼슈 지바현 지바 동쪽 63km 해역
2013-12-03,2013년 12월 3일,5.5,36.6 N,141.6 E,일본 혼슈 이바라키현 미토 동북동쪽 104km 해역
2013-11-23,2013년 11월 23일,5.5,44.57 N,124.0 E,중국 길림성 창춘시 북서쪽 135km 지역
2013-11-22,2013년 11월 22일,5.3,44.7 N,124.1 E,중국 길림성 창춘시 북서쪽 138km 지역
2013-11-19,2013년 11월 19일,5.7,34.4 N,137.1 E,일본 혼슈 아이치현 나고야 남쪽 89km 해역
2013-11-17,2013년 11월 17일,7.8,-60.1 N,-46.0 E,아르헨티나 우수아이아 동남동쪽 1453km 해역
2013-11-16,2013년 11월 16일,5.4,35.6 N,140.2 E,일본 혼슈 지바현 지바 동쪽 9km 지역
2013-11-10,2013년 11월 10일,5.5,36.0 N,140.1 E,일본 혼슈 지바현 지바 북쪽 44km 지역
2013-11-03,2013년 11월 3일,5,36.0 N,140.2 E,일본 혼슈 지바현 지바 북쪽 45km 지역
2013-10-31,2013년 10월 31일,6.3,23.55 N,121.42 E,대만 화롄 남남서쪽 53km 지역
2013-10-31,2013년 10월 31일,5.4,44.64 N,124.08 E,중국 지린성 북서쪽 135km 지역
2013-10-30,2013년 10월 30일,5.1,43.19 N,130.98 E,중국 연변 동북동쪽 125km 지역
2013-10-26,2013년 10월 26일,6.8,37.2 N,144.6 E,일본 도쿄 동북동쪽 474km 해역
2013-10-16,2013년 10월 16일,7.1,6.6 N,154.9 E,파푸아뉴기니 팡구나 서남서쪽 71km 해역
2013-10-15,2013년 10월 15일,7.2,9.76 N,124.17 E,필리핀 타그빌라란 북동쪽 33km 지역
2013-09-28,2013년 9월 28일,6.8,27.26 N,65.59 E,파키스탄 아와란 북북동쪽 96km 지역
2013-09-24,2013년 9월 24일,7.4,27.03 N,65.52 E,파키스탄 아와란 북북동쪽 69km 지역
2013-09-20,2013년 9월 20일,5.8,37.1 N,140.7 E,일본 혼슈 후쿠시마현 후쿠시마 남남동쪽 76km 지역
2013-09-04,2013년 9월 4일,6.9,29.8 N,139.0 E,일본 도쿄 남쪽 654km 해역
2013-09-02,2013년 9월 2일,5.8,42.3 N,133.9 E,러시아 블라디보스톡 남동쪽 188km 해역
2013-08-31,2013년 8월 31일,7,51.71 N,175.37 E,알래스카 아닥 동남동쪽 91km 해역
2013-08-21,2013년 8월 21일,6.1,17.01 N,-99.36 E,멕시코 멕시코시티 남쪽 268km 지역
2013-08-16,2013년 8월 16일,6.8,-41.8 N,174.2 E,뉴질랜드 블레넘 남남동쪽 37km 지역
2013-08-04,2013년 8월 4일,6,38.1 N,141.8 E,일본 혼슈 미야기현 센다이 동남동쪽 83km 해역
2013-07-27,2013년 7월 27일,5.6,32.98 N,141.65 E,일본 도쿄 남남동쪽 350km 해역
2013-07-23,2013년 7월 23일,5.2,37.1 N,140.7 E,일본 혼슈 후쿠시마현 후쿠시마 남남동쪽 76km 지역
2013-07-20,2013년 7월 20일,5.6,36.3 N,141.9 E,일본 혼슈 이바라키현 미토 동쪽 128km 해역
2013-07-15,2013년 7월 15일,7.2,-60.6 N,-25.4 E,칠레 푼타 아레나스 남동쪽 2832km 해역
2013-07-10,2013년 7월 10일,5,39.6 N,141.6 E,일본 혼슈 이와테현 동남동쪽 40km 지역
2013-07-08,2013년 7월 8일,6.8,-6.02 N,149.75 E,파푸아뉴기니 칸드리안 북동쪽 30km 지역
2013-07-08,2013년 7월 8일,7.3,-3.84 N,154.04 E,파푸아뉴기니 타론 동북동쪽 131km 해역
2013-07-02,2013년 7월 2일,6.1,4.7 N,96.69 E,인도네시아 반다아체 남동쪽 179km 지역
2013-06-29,2013년 6월 29일,5.7,23.9 N,122.2 E,대만 타이베이 남남동쪽 143km 해역
2013-06-13,2013년 6월 13일,5.7,26.4 N,129.0 E,일본 오키나와현 오키나와 동쪽 133km 해역
2013-06-08,2013년 6월 8일,5.8,24.0 N,122.6 E,일본 오키나와 이시가키시 서남서쪽 160km 해역
2013-06-02,2013년 6월 2일,6.3,23.87 N,121.0 E,대만 타이베이 남남서쪽 135km 지역
2013-05-26,2013년 5월 26일,6,40.01 N,67.33 E,우즈베키스탄 지자흐 서남서쪽 45km 지역
2013-05-24,2013년 5월 24일,8.2,54.7 N,153.4 E,러시아 캄차카반도 북서쪽 390km 해역
2013-05-24,2013년 5월 24일,7.4,-23.1 N,-176.6 E,통가 누쿠알로파 남남서쪽 261km 해역
2013-05-21,2013년 5월 21일,5.9,23.2 N,123.8 E,대만 타이페이 남동쪽 309km 해역
2013-05-18,2013년 5월 18일,5.9,37.7 N,141.6 E,일본 혼슈 미야기현 센다이 남동쪽 90km 해역
2013-05-14,2013년 5월 14일,7,18.8 N,145.4 E,북마리아나제도 아그리한 서쪽 28km 해역
2013-05-02,2013년 5월 2일,5.7,34.8 N,141.66 E,일본 혼슈 지바현 지바 동남동쪽 167km 해역
2013-04-29,2013년 4월 29일,5.7,35.8 N,141.3 E,일본 혼슈 이바라키현 미토 남동쪽 97km 해역
2013-04-22,2013년 4월 22일,5,42.87 N,122.28 E,중국 랴오닝성 선양시 북서쪽 150km 지역
2013-04-21,2013년 4월 21일,6.7,29.9 N,139.6 E,일본 도쿄 남쪽 643km 해역
2013-04-20,2013년 4월 20일,6.9,30.31 N,102.93 E,중국 쓰촨성 낙산현 북서쪽 111km 지역
2013-04-19,2013년 4월 19일,7,46.2 N,150.9 E,러시아 쿠릴열도 쿠릴스크 동북동쪽 258km 해역
2013-04-18,2013년 4월 18일,5.9,25.1 N,123.5 E,일본 오키나와 이시가키 북서쪽 107km 해역
2013-04-17,2013년 4월 17일,5.8,38.5 N,141.6 E,일본 혼슈 미야기현 센다이 동북동쪽 69km 해역
2013-04-17,2013년 4월 17일,6.2,34.1 N,139.4 E,일본 혼슈 시즈오카현 시즈오카 남동쪽 135km 해역
2013-04-17,2013년 4월 17일,5.5,25.0 N,123.2 E,일본 오키나와 이시가키 북서쪽 120km 해역
2013-04-17,2013년 4월 17일,5.7,25.0 N,123.1 E,일본 오키나와 이시가키 북서쪽 100km 해역
2013-04-17,2013년 4월 17일,6.8,-3.18 N,142.51 E,파푸아뉴기니 아이타페 동남동쪽 18km 해안
2013-04-13,2013년 4월 13일,6,34.4 N,134.8 E,일본 와카야마현 와카야마 서북서쪽 39km 지역
2013-04-06,2013년 4월 6일,7.1,-3.53 N,138.46 E,인도네시아 자야푸라 남서쪽 274km 지역
2013-04-06,2013년 4월 6일,5.6,42.75 N,131.04 E,러시아 자루비노 북쪽 12km 지역
2013-04-05,2013년 4월 5일,6.2,42.71 N,131.1 E,러시아 자루비노 북쪽 9km 지역
2013-04-02,2013년 4월 2일,5.6,39.5 N,143.6 E,일본 혼슈 이와테현 모리오카 동쪽 211km 해역
2013-04-02,2013년 4월 2일,6.1,39.5 N,143.6 E,일본 혼슈 이와테현 모리오카 동쪽 211km 해역
2013-03-27,2013년 3월 27일,6,23.84 N,121.14 E,대만 화련 서남서쪽 48km 지역
2013-03-26,2013년 3월 26일,6.2,14.6 N,-90.43 E,과테말라 산 호세 피눌라 북북서쪽 6km 지역
2013-03-07,2013년 3월 7일,5.6,24.27 N,121.43 E,대만 화련 북북서쪽 37km 지역
2013-03-01,2013년 3월 1일,5.5,21.77 N,144.04 E,일본 이오지마 남동쪽 436km 해역
2013-02-25,2013년 2월 25일,6.2,36.9 N,139.4 E,일본 혼슈 도치기현 우쓰노미야 북서쪽 58km 지역
2013-02-19,2013년 2월 19일,5.8,35.3 N,141.2 E,일본 혼슈 지바현 동남동쪽 105km 해역
2013-02-14,2013년 2월 14일,6.9,67.68 N,142.49 E,러시아 베르호얀스크 동쪽 384km 지역
2013-02-09,2013년 2월 9일,7,1.14 N,-77.36 E,콜롬비아 파스토 남서쪽 11km 지역
2013-02-09,2013년 2월 9일,7,-10.91 N,165.96 E,솔로몬제도 키라키라 동쪽 443km 해역
2013-02-08,2013년 2월 8일,7.1,-10.95 N,165.94 E,솔로몬제도 키라키라 동쪽 441km 해역
2013-02-06,2013년 2월 6일,8,-10.75 N,165.09 E,솔로몬제도 키라키라 동쪽 347km 해역
2013-02-02,2013년 2월 2일,6.4,42.7 N,143.3 E,일본 훗카이도 구시로 서남서쪽 94km 지역
2013-01-31,2013년 1월 31일,6.7,-28.08 N,-70.73 E,칠레 코피아포 남남서쪽 90km 지역
2013-01-29,2013년 1월 29일,6,42.6 N,79.7 E,카자흐스탄 알마티 동남동쪽 238km 지역
2013-01-23,2013년 1월 23일,5.1,41.5 N,123.2 E,중국 랴오닝성 선양시 남서쪽 40km 지역
2013-01-07,2013년 1월 7일,5.6,24.38 N,122.96 E,대만 타이베이 동남동쪽 164km 해역
2013-01-05,2013년 1월 5일,7.7,55.29 N,-134.73 E,미국 알래스카 크레이그 서쪽 102km 해역
2012-12-11,2012년 12월 11일,7.1,-6.53 N,129.83 E,인도네시아 사움라키 북서쪽 236km 해역
2012-12-08,2012년 12월 8일,6.3,-38.47 N,176.1 E,뉴질랜드 로터루아 남서쪽 32km 지역
2012-12-07,2012년 12월 7일,7.3,37.8 N,144.2 E,일본 미야기현(혼슈) 센다이 동쪽 296km 해역
2012-11-16,2012년 11월 16일,5.5,35.4 N,141.3 E,일본 지바현(혼슈) 지바 동남동쪽 114km 해역
2012-11-15,2012년 11월 15일,6.1,-29.12 N,-71.19 E,칠레 바에나르 남서쪽 82km 지역
2012-11-12,2012년 11월 12일,5.8,29.6 N,138.4 E,일본 미에현(혼슈) 시즈오카 남남동쪽 596km 해역
2012-11-11,2012년 11월 11일,6.8,23.01 N,95.89 E,미얀마 만달레이 북쪽 116km 지역
2012-11-09,2012년 11월 9일,5.5,36.9 N,141.4 E,일본 이바라키현(혼슈) 미토 북동쪽 102km 해역
2012-11-08,2012년 11월 8일,7.4,13.96 N,-91.85 E,과테말라 레탈룰레우 남남서쪽 56km 해역
2012-10-28,2012년 10월 28일,7.8,52.79 N,-132.1 E,캐나다 프린스루퍼트 남서쪽 194km 지역
2012-10-25,2012년 10월 25일,5.6,38.3 N,141.9 E,일본 미야기현(혼슈) 센다이 동쪽 90km 해역
2012-10-24,2012년 10월 24일,6.5,10.09 N,-85.3 E,코스타리카 라이베리아 남쪽 62km 지역
2012-10-23,2012년 10월 23일,5.8,29.1 N,140.0 E,일본 시즈오카현(혼슈) 시즈오카 남남동쪽 671km 해역
2012-10-12,2012년 10월 12일,5,35.9 N,140.6 E,일본 이바라키현(혼슈) 미토 남남동쪽 53km 지역
2012-10-06,2012년 10월 6일,5,40.0 N,140.6 E,일본 아키타현(혼슈) 아키타 북동쪽 53km 지역
2012-10-02,2012년 10월 2일,6.3,39.8 N,143.4 E,일본 이와테현(혼슈) 모리오카 동쪽 192km 해역
2012-10-01,2012년 10월 1일,7.3,1.93 N,-76.6 E,콜롬비아 포파얀 남쪽 50km 지역
2012-09-14,2012년 9월 14일,5.1,35.9 N,140.6 E,일본 이바라키현(혼슈) 미토 남동쪽 53km 지역
2012-09-05,2012년 9월 5일,7.6,10.09 N,-85.32 E,코스타리카 라이베리아 남남동쪽 60km 지역
2012-08-31,2012년 8월 31일,7.9,10.9 N,127.06 E,필리핀 사마르섬 구이우안 동쪽 146km 해역
2012-08-30,2012년 8월 30일,5.7,38.4 N,141.9 E,일본 미야기현(혼슈) 센다이 동쪽 91km 해역
2012-08-27,2012년 8월 27일,7.3,12.14 N,-88.59 E,엘살바드로 우루스탄 남쪽 73km 해역
2012-08-25,2012년 8월 25일,5.9,42.3 N,143.1 E,일본 훗카이도 구시로 남서쪽 129km 지역
2012-08-22,2012년 8월 22일,5.2,42.3 N,143.1 E,일본 홋카이도 구시로 남서쪽 129km 지역
2012-08-20,2012년 8월 20일,5.1,36.0 N,140.5 E,일본 이바라키현(혼슈) 미토 남쪽 41km 지역
2012-08-20,2012년 8월 20일,6.2,-4.77 N,144.57 E,파푸아뉴기니 마운트하겐 북북동쪽 115km 지역
2012-08-18,2012년 8월 18일,6.3,-1.32 N,120.1 E,인도네시아 팔루 남남동쪽 56km 지역
2012-08-14,2012년 8월 14일,7.7,49.8 N,145.06 E,러시아 사할린주 포로나이스크 동북동쪽 158km 해역
2012-08-12,2012년 8월 12일,6.2,35.66 N,82.52 E,중국 신장 호탄 동남동쪽 282km 지역
2012-08-02,2012년 8월 2일,6.1,-8.41 N,-74.26 E,페루 푸칼파 동쪽 34km 지역
2012-07-25,2012년 7월 25일,6.4,-9.69 N,159.73 E,솔로몬제도 호니아라 남서쪽 37km 지역
2012-07-22,2012년 7월 22일,5.1,42.5 N,143.0 E,일본 훗카이도 구시로 서남서쪽 125km 지역
2012-07-10,2012년 7월 10일,5,36.8 N,138.4 E,일본 나가노현(혼슈) 나가노 북동쪽 25km 지역
2012-06-30,2012년 6월 30일,6.3,43.43 N,84.7 E,중국 신장 석하자 남서쪽 151km 지역
2012-06-24,2012년 6월 24일,6,57.6 N,163.2 E,러시아 스타리이 북북동쪽 159km 지역
2012-06-18,2012년 6월 18일,6.1,38.9 N,142.1 E,일본 이와테현(혼슈) 모리오카 남동쪽 121km 해역
2012-06-10,2012년 6월 10일,6.5,24.47 N,122.39 E,대만 타이베이 동남동쪽 109km 해역
2012-06-08,2012년 6월 8일,6.1,-15.88 N,-72.41 E,페루 아레키파 서남서쪽 119km 지역
2012-06-06,2012년 6월 6일,5.9,22.39 N,121.43 E,대만 카오슝 동쪽 124km 해역
2012-06-06,2012년 6월 6일,6.3,34.9 N,141.5 E,일본 지바현(혼슈) 지바 동남동쪽 149km 해역
2012-06-01,2012년 6월 1일,5.2,36.1 N,139.9 E,일본 사이타마현(혼슈) 사이타마 북동쪽 35km 지역
2012-05-29,2012년 5월 29일,5.2,35.8 N,140.1 E,일본 지바현(혼슈) 지바 북쪽 21km 지역
2012-05-28,2012년 5월 28일,6.7,-28.04 N,-63.09 E,아르헨티나 산티아고 델아스데로 동남동쪽 116km 지역
2012-05-27,2012년 5월 27일,6.1,27.2 N,141.1 E,일본 시즈오카현(혼슈) 시즈오카 남남동쪽 902km 해역
2012-05-24,2012년 5월 24일,6,41.3 N,142.1 E,일본 이오모리현 아오모리 동북동쪽 125km 해역
2012-05-20,2012년 5월 20일,6.2,39.5 N,143.8 E,일본 이와테현(혼슈) 모리오카 동쪽 228km 해역
2012-05-20,2012년 5월 20일,5.8,39.6 N,143.7 E,일본 이와테현(혼슈) 모리오카 동쪽 218km 해역
2012-04-30,2012년 4월 30일,5.6,39.7 N,142.3 E,일본 이와테현 모리오카 동쪽 98km 해역
2012-04-29,2012년 4월 29일,5.8,35.8 N,140.7 E,일본 지바현(혼슈) 지바 동북동쪽 58km 지역
2012-04-25,2012년 4월 25일,5.5,35.7 N,140.9 E,일본 지바현(혼슈) 지바 동쪽 72km 해역
2012-04-17,2012년 4월 17일,6.8,-5.46 N,147.12 E,파푸아뉴기니 라애 북쪽 141km 해역
2012-04-13,2012년 4월 13일,5.9,36.9 N,141.5 E,일본 이바라키현(혼슈) 미토 동북동쪽 109km 해역
2012-04-12,2012년 4월 12일,5.9,37.4 N,141.8 E,일본 후쿠시마현(혼슈) 후쿠시마 동남동쪽 124km 해역
2012-04-12,2012년 4월 12일,5.5,36.8 N,141.4 E,일본 이바라키현(혼슈) 미토 동북동쪽 96km 해역
2012-04-11,2012년 4월 11일,8.2,0.8 N,92.46 E,인도네시아 수마트라 반다아체 남남서쪽 615km 해역
2012-04-11,2012년 4월 11일,8.6,2.33 N,93.06 E,인도네시아 수마트라 반다아체 남서쪽 431km 해역
2012-04-09,2012년 4월 9일,5.5,24.0 N,122.35 E,대만 타이베이 남동쪽 142km 해역
2012-04-01,2012년 4월 1일,5.9,37.1 N,141.3 E,일본 후쿠시마 남동쪽 104km 해역
2012-03-27,2012년 3월 27일,6.4,39.8 N,142.5 E,일본 이와테현(혼슈) 모리오카 동쪽 116km 해역
2012-03-26,2012년 3월 26일,7.1,-35.2 N,-71.78 E,칠레 탈카 북북서쪽 32km 지역
2012-03-22,2012년 3월 22일,6.6,-6.24 N,145.96 E,파푸아뉴기니 고로카 동남동쪽 63km 지역
2012-03-21,2012년 3월 21일,7.4,16.66 N,-98.19 E,멕시코 게레로주 오메테펙 동쪽 25km 지역
2012-03-21,2012년 3월 21일,6.1,-3.81 N,140.27 E,인도네시아 자야푸라 남남서쪽 154km 지역
2012-03-16,2012년 3월 16일,5.2,35.9 N,139.5 E,일본 사이타마현(혼슈) 사이타마 서북서쪽 14km 지역
2012-03-15,2012년 3월 15일,6.2,-5.6 N,151.04 E,파푸아뉴기니 뉴브리튼섬 칸드리안 동북동쪽 178km 지역
2012-03-14,2012년 3월 14일,6.1,35.8 N,141.1 E,일본 이바라키현(혼슈) 미토 남동쪽 85km 해역
2012-03-14,2012년 3월 14일,5.9,40.7 N,145.0 E,일본 훗카이도 구시로 남쪽 259km 해역
2012-03-14,2012년 3월 14일,6.8,40.7 N,145.2 E,일본 훗카이도 구시로 남남동쪽 263km 해역
2012-03-10,2012년 3월 10일,5.5,36.7 N,140.7 E,일본 이바라키현(혼슈) 미토 북북동쪽 42km 지역
2012-03-09,2012년 3월 9일,6.7,-19.13 N,169.61 E,바누아투 이산겔 북동쪽 60km 해역
2012-03-05,2012년 3월 5일,6.1,-28.25 N,-63.29 E,아르헨티나 산티아고델에스테로 동남동쪽 112km 지역
2012-02-29,2012년 2월 29일,5.8,35.2 N,141.5 E,일본 지바현 지바 동남동쪽 134km 해역
2012-02-28,2012년 2월 28일,5.6,25.5 N,127.3 E,일본 오카나와현 오키나와 남남서쪽 88km 해역
2012-02-26,2012년 2월 26일,6.7,51.71 N,95.99 E,러시아 투바공화국 키질 동쪽 100km 지역
2012-02-26,2012년 2월 26일,5.9,22.66 N,120.84 E,대만 카오슝 동쪽 57km 지역
2012-02-19,2012년 2월 19일,5.1,36.7 N,140.6 E,일본 이바라키현(혼슈) 미토 북북동쪽 39km 지역
2012-02-14,2012년 2월 14일,6.2,36.3 N,141.8 E,일본 이바라키현(혼슈) 미토 동쪽 119km 해역
2012-02-14,2012년 2월 14일,5.5,36.3 N,141.6 E,일본 이바라키현(혼슈) 미토 동쪽 101km 해역
2012-02-08,2012년 2월 8일,5.7,37.9 N,138.2 E,일본 니이가타현(혼슈) 니이가타 서쪽 72km 해역
2012-02-06,2012년 2월 6일,6,9.82 N,123.08 E,필리핀 세부섬 세부 남서쪽 108km 지역
2012-02-06,2012년 2월 6일,6,9.89 N,123.1 E,필리핀 세부섬 세부 남서쪽 98km 지역
2012-01-30,2012년 1월 30일,6.4,-14.17 N,-75.64 E,페루 이까 남동쪽 15km 지역
2012-01-28,2012년 1월 28일,5.6,40.2 N,142.5 E,일본 이와테현(혼슈) 모리오카 동북동쪽 127km 해역
2012-01-28,2012년 1월 28일,5.5,35.5 N,139.0 E,일본 야마나시현(혼슈) 고후 동남동쪽 43km 지역
2012-01-28,2012년 1월 28일,5,35.5 N,139.0 E,일본 야마나시현(혼슈) 고후 동남동쪽 43km 지역
2012-01-12,2012년 1월 12일,5.8,36.9 N,141.3 E,일본 이바라키현(혼슈) 미토 북동쪽 95km 해역
2012-01-11,2012년 1월 11일,7.2,2.43 N,93.21 E,인도네시아 수마트라 반다아체 남서쪽 420km 해역
2012-01-01,2012년 1월 1일,7,31.4 N,138.6 E,일본 시즈오카현(혼슈) 시즈오카 남쪽 398km 해역
2011-12-28,2011년 12월 28일,6.6,51.86 N,95.83 E,러시아 키질 동쪽 96km 지역
2011-12-14,2011년 12월 14일,7.3,-7.51 N,146.79 E,파푸아뉴기니 뉴기니아 라에 남남서쪽 87km 지역
2011-12-14,2011년 12월 14일,5.2,35.4 N,137.3 E,일본 아이치현 나고야 북동쪽 43km 지역
2011-12-11,2011년 12월 11일,6.7,18.04 N,-99.8 E,멕시코 게레로 텔로로아판 남쪽 35km 지역
2011-12-03,2011년 12월 3일,5.2,35.3 N,140.4 E,일본 지바현 지바 남동쪽 43km 지역
2011-11-24,2011년 11월 24일,6.1,41.7 N,142.8 E,일본 홋카이도 삿포로 남동쪽 192km 해역
2011-11-24,2011년 11월 24일,6,37.3 N,141.7 E,일본 혼슈 후쿠시마 동남동쪽 120km해역
2011-11-23,2011년 11월 23일,6.2,-15.35 N,-65.11 E,볼리비아 산타아나 남남동쪽 184km 지역
2011-11-21,2011년 11월 21일,5.4,34.9 N,132.9 E,일본 시마네현 마쓰에 남남서쪽 65km 지역
2011-11-08,2011년 11월 8일,6.8,27.2 N,125.8 E,일본 오키나와현 나하 서북서쪽 217km 해역
2011-11-01,2011년 11월 1일,6,43.63 N,82.38 E,중국 신장 이닝 동남동쪽 95km 지역
2011-10-30,2011년 10월 30일,5.6,25.3 N,123.0 E,대만 타이베이 동북동쪽 156km 해역
2011-10-29,2011년 10월 29일,6.9,-14.46 N,-75.99 E,페루 이카 남남서쪽 51km 지역
2011-10-22,2011년 10월 22일,7.6,-28.94 N,-176.05 E,케르메덱제도 라울섬 동쪽 180km 해역
2011-10-21,2011년 10월 21일,6.2,43.8 N,142.6 E,일본 아사히카와 동쪽 19km 지역
2011-10-10,2011년 10월 10일,5.6,37.5 N,141.5 E,일본 후쿠시마현 미나미소마 동남동쪽 50km 해역
2011-10-02,2011년 10월 2일,5.7,38.5 N,144.2 E,일본 미야기현 게센누마 동남동쪽 233km 해역
2011-09-29,2011년 9월 29일,5.6,37.1 N,141.0 E,일본 이와키 동북동쪽 11km 해역
2011-09-23,2011년 9월 23일,5.1,36.7 N,140.6 E,일본 혼슈 히타치 북북서쪽 12km 지역
2011-09-21,2011년 9월 21일,5.3,36.7 N,140.6 E,일본 혼슈 히타치 북북서쪽 12km 지역
2011-09-18,2011년 9월 18일,6.8,27.76 N,88.18 E,인도 시킴 강톡 북서쪽 64km 지역
2011-09-18,2011년 9월 18일,5.9,39.9 N,143.3 E,일본 하치노헤 동남동쪽 168km 해역
2011-09-17,2011년 9월 17일,5.6,40.3 N,143.0 E,일본 아오모리현 하치노헤 동쪽 130km 해역
2011-09-17,2011년 9월 17일,6.3,40.2 N,142.9 E,일본 아오모리현 하치노헤 동남동쪽 125km 해역
2011-09-16,2011년 9월 16일,7.2,-21.6 N,-179.27 E,남태평양 피지 수바 남동쪽 450km 해역
2011-09-15,2011년 9월 15일,6.2,36.3 N,141.6 E,일본 히타치 동남동쪽 91km 해역
2011-09-06,2011년 9월 6일,6.5,2.92 N,97.68 E,인도네시아 수마트라 메단 남서쪽 130km 지역
2011-09-04,2011년 9월 4일,7,-20.65 N,169.73 E,바누아투 이산겔 남남동쪽 133km 해역
2011-09-02,2011년 9월 2일,6.4,-28.42 N,-63.15 E,아르헨티나 산티아고 에스테로 남동쪽 129km 지역
2011-09-02,2011년 9월 2일,7.1,51.76 N,-171.37 E,알라스카 알루시안열도 폭스섬 해역
2011-08-25,2011년 8월 25일,6.8,-7.64 N,-74.51 E,페루 뿌깔빠 북쪽 82km 지역
2011-08-22,2011년 8월 22일,6,36.2 N,141.9 E,일본 혼슈 미토 동쪽 136km 해역
2011-08-21,2011년 8월 21일,7.5,-18.26 N,168.07 E,바누아투 포트 빌라 남남서쪽 62km 해역
2011-08-19,2011년 8월 19일,6.8,37.6 N,141.9 E,일본 혼슈 센다이 남동쪽 126km 해역
2011-08-17,2011년 8월 17일,5.9,36.8 N,143.7 E,일본 혼슈 미토 북동쪽 297km 해역
2011-08-12,2011년 8월 12일,6,37.0 N,141.2 E,일본 혼슈 미토 북동쪽 98km 해역
2011-08-01,2011년 8월 1일,6.1,34.7 N,138.6 E,일본 혼슈 도쿄 남서쪽 152km 해역
2011-08-01,2011년 8월 1일,5.7,39.8 N,142.2 E,일본 혼슈 모리오카 동쪽 94km 해역
2011-07-31,2011년 7월 31일,6.4,36.9 N,141.3 E,일본 혼슈 미토 북동쪽 98km 해역
2011-07-29,2011년 7월 29일,5.5,36.7 N,142.0 E,일본 혼슈 미토 동북동쪽 146km 해역
2011-07-28,2011년 7월 28일,5.6,40.3 N,143.5 E,일본 혼슈 모리오카 동북동쪽 215km 해역
2011-07-25,2011년 7월 25일,5.7,35.2 N,141.3 E,일본 혼슈 도쿄 동남동쪽 152km 해역
2011-07-25,2011년 7월 25일,6.2,37.7 N,141.6 E,일본 혼슈 센다이 남동쪽 99km 해역
2011-07-23,2011년 7월 23일,6.5,38.9 N,142.2 E,일본 혼슈 모리오카 남동쪽 127km 해역
2011-07-20,2011년 7월 20일,6.2,40.13 N,71.44 E,우즈베키스탄 페르가나 남서쪽 42km 지역
2011-07-15,2011년 7월 15일,5.5,36.3 N,140.1 E,일본 혼슈 미토 서남서쪽 29km 지역
2011-07-10,2011년 7월 10일,7.1,38.0 N,143.5 E,일본 혼슈 센다이 동쪽 241km 해역
2011-07-08,2011년 7월 8일,5.6,37.1 N,141.2 E,일본 혼슈 미토 북동쪽 106km 해역
2011-07-07,2011년 7월 7일,7.7,-29.33 N,-176.22 E,뉴질랜드 케르메덱 제도 동쪽 160km 해역
2011-07-07,2011년 7월 7일,5.8,36.4 N,141.8 E,일본 혼슈 미토 동쪽 125km 해역
2011-07-05,2011년 7월 5일,5.4,34.0 N,135.2 E,일본 시코쿠 도쿠시마 동쪽 59km 지역
2011-06-30,2011년 6월 30일,5.5,36.2 N,138.0 E,일본 혼슈 도야마 남동쪽 96km 지역
2011-06-26,2011년 6월 26일,6.4,-2.39 N,136.65 E,인도네시아 파푸아 에나로탈리 북쪽 172km 지역
2011-06-24,2011년 6월 24일,7.4,52.04 N,-171.84 E,알래스카 아트카 동쪽 163km 해역
2011-06-23,2011년 6월 23일,6.7,39.9 N,142.5 E,일본 혼슈 모리오카 동북동쪽 121km 해역
2011-06-21,2011년 6월 21일,5.6,35.9 N,141.5 E,일본 혼슈 미토 동남동쪽 112km 해역
2011-06-21,2011년 6월 21일,6.3,-21.95 N,-68.3 E,칠레 칼라마 북동쪽 87km 지역
2011-06-18,2011년 6월 18일,5.9,37.6 N,141.9 E,일본 혼슈 센다이 남동쪽 126km 해역
2011-06-14,2011년 6월 14일,5.9,37.8 N,143.5 E,일본 혼슈 센다이 동남동쪽 245km 해역
2011-06-13,2011년 6월 13일,6,-43.43 N,172.71 E,뉴질랜드 크라이스트처치 북북동쪽 14km 지역
2011-06-09,2011년 6월 9일,5.7,36.5 N,140.9 E,일본 혼슈 미토 동북동쪽 46km 해역
2011-06-08,2011년 6월 8일,6,-17.06 N,-69.6 E,페루 타크나 북동쪽 131km 지역
2011-06-04,2011년 6월 4일,5.1,35.1 N,132.7 E,일본 혼슈 마쓰에 남서쪽 58km 지역
2011-06-04,2011년 6월 4일,5.6,37.0 N,141.2 E,일본 혼슈 미토 북동쪽 98km 해역
2011-06-03,2011년 6월 3일,5.9,37.3 N,143.7 E,일본 혼슈 센다이 동남동쪽 280km 해역
2011-05-25,2011년 5월 25일,5.1,37.1 N,140.9 E,일본 혼슈 이와키 북북동쪽 5km 지역
2011-05-24,2011년 5월 24일,5.8,39.7 N,143.5 E,일본 혼슈 모리오카 동쪽 204km 해역
2011-05-22,2011년 5월 22일,5.5,37.6 N,143.4 E,일본 혼슈 센다이 동남동쪽 243km 해역
2011-05-22,2011년 5월 22일,5.5,35.8 N,140.7 E,일본 혼슈 아사히 북북동쪽 10km 지역
2011-05-20,2011년 5월 20일,5.8,35.8 N,141.3 E,일본 혼슈 도쿄 동쪽 143km 해역
2011-05-14,2011년 5월 14일,5.7,37.3 N,141.7 E,일본 혼슈 센다이 남동쪽 138km 해역
2011-05-14,2011년 5월 14일,6,10.11 N,-84.26 E,코스타리카 산호세 서북서쪽 25km 지역
2011-05-11,2011년 5월 11일,5.4,43.28 N,131.0 E,러시아 블라디보스토크 서쪽 77km 지역
2011-05-10,2011년 5월 10일,7.1,-20.23 N,168.2 E,바누아투 포트빌라 남쪽 270km 해역
2011-05-10,2011년 5월 10일,5.5,37.9 N,143.5 E,일본 혼슈 센다이 동남동쪽 243km 해역
2011-05-08,2011년 5월 8일,5.7,40.2 N,142.4 E,일본 혼슈 모리오카 동북동쪽 124km 지역
2011-05-06,2011년 5월 6일,5.3,37.1 N,140.9 E,일본 혼슈 이와키 북쪽 5km 지역
2011-05-05,2011년 5월 5일,5.9,38.3 N,143.9 E,일본 혼슈 센다이 동쪽 273km 해역
2011-04-29,2011년 4월 29일,6.2,21.31 N,122.23 E,대만 카오슝 남동쪽 250km 해역
2011-04-28,2011년 4월 28일,5.7,37.4 N,141.8 E,일본 혼슈 센다이 남동쪽 135km 해역
2011-04-26,2011년 4월 26일,5,36.1 N,140.0 E,일본 혼슈 미토 남서쪽 49km 지역
2011-04-23,2011년 4월 23일,6,39.2 N,143.0 E,일본 혼슈 모리오카 동남동쪽 170km 해역
2011-04-22,2011년 4월 22일,5.6,37.5 N,141.5 E,일본 혼슈 센다이 남동쪽 110km 해역
2011-04-21,2011년 4월 21일,6,35.6 N,140.9 E,일본 혼슈 도쿄 동쪽 108km 해역
2011-04-19,2011년 4월 19일,5,36.2 N,139.8 E,일본 혼슈 도쿄 북쪽 56km 지역
2011-04-16,2011년 4월 16일,5.9,36.4 N,140.0 E,일본 혼슈 미토 서쪽 36km 지역
2011-04-16,2011년 4월 16일,5.7,25.2 N,124.0 E,대만 타이베이 동쪽 254km 해역
2011-04-14,2011년 4월 14일,5.5,37.0 N,140.8 E,일본 혼슈 미토 북북동쪽 76km 지역
2011-04-14,2011년 4월 14일,5.2,36.8 N,140.6 E,일본 혼슈 미토 북북동쪽 48km 지역
2011-04-14,2011년 4월 14일,6.1,39.5 N,143.8 E,일본 혼슈 모리오카 동쪽 231km 해역
2011-04-13,2011년 4월 13일,5.8,36.9 N,140.7 E,일본 혼슈 미토 북북동쪽 62km 지역
2011-04-12,2011년 4월 12일,6.3,37.0 N,140.7 E,일본 혼슈 미토 북북동쪽 72km 지역
2011-04-12,2011년 4월 12일,6.3,35.4 N,141.0 E,일본 혼슈 도쿄 동남동쪽 119km 해역
2011-04-12,2011년 4월 12일,5.5,36.8 N,138.6 E,일본 혼슈 나가노 북동쪽 40km 지역
2011-04-11,2011년 4월 11일,5.9,36.9 N,140.6 E,일본 혼슈 미토 북북동쪽 59km 지역
2011-04-11,2011년 4월 11일,7.1,36.9 N,140.7 E,일본 혼슈 미토 북북동쪽 62km 지역
2011-04-09,2011년 4월 9일,5.7,30.0 N,131.9 E,일본 규슈 미야자키 남남동쪽 216km 해역
2011-04-07,2011년 4월 7일,7.4,38.2 N,142.0 E,일본 혼슈 센다이 동쪽 108km 해역
2011-04-07,2011년 4월 7일,6.5,17.43 N,-93.98 E,멕시코 멕시코시티 남동쪽 585km 지역
2011-04-02,2011년 4월 2일,5,36.2 N,140.0 E,일본 혼슈 도쿄 북동쪽 62km 지역
2011-04-01,2011년 4월 1일,5.9,39.3 N,142.1 E,일본 혼슈 모리오카 동남동쪽 94km 해역
2011-04-01,2011년 4월 1일,5.1,40.3 N,140.4 E,일본 혼슈 아오모리 남남서쪽 63km 지역
2011-03-31,2011년 3월 31일,6,38.9 N,142.1 E,일본 혼슈 모리오카 남동쪽 121km 해역
2011-03-30,2011년 3월 30일,5.5,39.61 N,143.49 E,일본 혼슈 모리오카 동쪽 203km 해역
2011-03-29,2011년 3월 29일,6.4,37.4 N,142.4 E,일본 혼슈 센다이 남동쪽 175km 해역
2011-03-28,2011년 3월 28일,6.5,38.3 N,142.4 E,일본 혼슈 센다이 동쪽 142km 해역
2011-03-27,2011년 3월 27일,5.6,38.9 N,142.4 E,일본 혼슈 모리오카 남동쪽 140km 해역
2011-03-25,2011년 3월 25일,6.2,38.7 N,142.3 E,일본 혼슈 센다이 동북동쪽 140km 해역
2011-03-24,2011년 3월 24일,7,20.9 N,99.88 E,미얀마 네피도 북동쪽 410km 지역
2011-03-24,2011년 3월 24일,6.1,39.1 N,142.4 E,일본 혼슈 모리오카 동남동쪽 128km 해역
2011-03-23,2011년 3월 23일,5.8,37.1 N,140.8 E,일본 혼슈 미야키 북서쪽 10km 지역
2011-03-23,2011년 3월 23일,6,37.1 N,140.8 E,일본 혼슈 미야키 북서쪽 10km 지역
2011-03-23,2011년 3월 23일,5.9,35.9 N,141.9 E,일본 혼슈 미토 동남동쪽 145km 해역
2011-03-22,2011년 3월 22일,5.9,35.9 N,141.8 E,일본 혼슈 미토 동남동쪽 137km 해역
2011-03-22,2011년 3월 22일,5.9,36.2 N,141.6 E,일본 혼슈 미토 동남동쪽 109km 해역
2011-03-22,2011년 3월 22일,6.2,39.8 N,143.8 E,일본 혼슈 모리오카 동쪽 230km 해역
2011-03-22,2011년 3월 22일,6.3,37.4 N,141.9 E,일본 혼슈 센다이 남동쪽 141km 해역
2011-03-22,2011년 3월 22일,6.3,37.1 N,143.9 E,일본 센다이 동남동쪽 306km 해역
2011-03-22,2011년 3월 22일,5.7,35.3 N,141.2 E,일본 혼슈 도쿄 동남동쪽 139km 해역
2011-03-20,2011년 3월 20일,5.8,39.3 N,142.1 E,일본 혼슈 모리오카 동남동쪽 94km 해역
2011-03-20,2011년 3월 20일,5.7,36.9 N,141.3 E,일본 혼슈 센다이 남남동쪽 157km 해역
2011-03-19,2011년 3월 19일,6.1,36.7 N,140.7 E,일본 혼슈 도쿄 북동쪽 약140km 지역
2011-03-19,2011년 3월 19일,5.9,39.7 N,143.4 E,일본 혼슈 모리오카 동쪽 195km 해역
2011-03-19,2011년 3월 19일,5.6,39.2 N,142.5 E,일본 혼슈 모리오카 동남동쪽 130km 해역
2011-03-17,2011년 3월 17일,5.8,35.7 N,141.1 E,일본 도쿄 동쪽 126km 해역
2011-03-17,2011년 3월 17일,5.8,40.1 N,142.5 E,일본 혼슈 모리오카 동북동쪽 127km 해역
2011-03-17,2011년 3월 17일,5.6,39.2 N,142.7 E,일본 혼슈 모리오카 동남동쪽 146km 해역
2011-03-16,2011년 3월 16일,5.3,36.0 N,140.5 E,일본 혼슈 도쿄 동북동쪽 약80km 지역
2011-03-15,2011년 3월 15일,6.2,37.6 N,142.3 E,일본 혼슈 센다이 동남동쪽 155km 해역
2011-03-15,2011년 3월 15일,6.3,37.2 N,142.5 E,일본 혼슈 센다이 남동쪽 195km 해역
2011-03-14,2011년 3월 14일,6.2,36.5 N,141.1 E,일본 혼슈 도쿄 북동쪽 150km 해역
2011-03-11,2011년 3월 11일,9,38.1 N,142.9 E,일본 혼슈 센다이 동쪽 179km 해역(일본기상청발표)
2011-03-10,2011년 3월 10일,6.6,-6.02 N,149.66 E,파푸아뉴기니 뉴브리튼섬 칸드리안 북북동쪽 27km 지역
2011-03-09,2011년 3월 9일,7.2,38.3 N,143.3 E,일본 혼슈 센다이 동쪽 221km 해역
2011-03-06,2011년 3월 6일,6.2,-18.11 N,-69.38 E,칠레 아리카 동북동쪽 110km 지역
2011-02-27,2011년 2월 27일,5.4,36.1 N,137.4 E,일본 혼슈 도야마 남쪽 82km 지역
2011-02-22,2011년 2월 22일,5.8,22.4 N,144.3 E,일본 혼슈 도쿄 남남동쪽 1543km 해역
2011-02-22,2011년 2월 22일,6.3,-43.51 N,172.64 E,뉴질랜드 크라이스트처치 북쪽 2km 지역
2011-02-15,2011년 2월 15일,6.1,-2.47 N,121.54 E,인도네시아 술라웨시 팔로포 동북동쪽 160km 지역
2011-02-15,2011년 2월 15일,5.5,21.18 N,121.07 E,대만 타이둥 남쪽 172km 해역
2011-02-09,2011년 2월 9일,5.6,27.3 N,143.6 E,일본 혼슈 도쿄 남남동쪽 1003km 해역
2011-02-04,2011년 2월 4일,6.4,24.62 N,94.74 E,미얀마 네피도 북북서쪽 550km 지역
2011-01-24,2011년 1월 24일,6.1,38.44 N,72.75 E,타지키스탄 카라쿨 남서쪽 106km 지역
2011-01-19,2011년 1월 19일,7.4,28.94 N,63.93 E,파키스탄 달반딘 서쪽 55km 지역
2011-01-14,2011년 1월 14일,7.3,-20.59 N,168.55 E,뉴 칼레도니아 누메아 북동쪽 286km 해역
2011-01-13,2011년 1월 13일,6.6,27.4 N,141.0 E,일본 혼슈 도쿄 남쪽 930km 해역
2011-01-12,2011년 1월 12일,5.3,33.17 N,123.63 E,중국 상하이 북동쪽 295km 해역
2011-01-10,2011년 1월 10일,6.1,23.8 N,143.8 E,일본 혼슈 도쿄 남남동쪽 1379km 해역
2011-01-08,2011년 1월 8일,5,43.04 N,131.02 E,러시아 블라디보스토크 서쪽 75km 지역
2011-01-03,2011년 1월 3일,7.1,-38.36 N,-73.28 E,칠레 아라우카니아 테무코 북서쪽 70km 지역
2011-01-01,2011년 1월 1일,6.9,-26.84 N,-63.15 E,아르헨티나 산티아고 델에스테로 북동쪽 150km 지역
2010-12-25,2010년 12월 25일,7.6,-19.76 N,167.97 E,바누아투 이산겔 서쪽 138km 해역
2010-12-25,2010년 12월 25일,5.7,27.2 N,143.7 E,일본 혼슈 도쿄 남남동쪽 1017km 해역
2010-12-23,2010년 12월 23일,6.5,26.8 N,143.8 E,일본 혼슈 도쿄 남남동쪽 1062km 해역
2010-12-22,2010년 12월 22일,7.4,27.5 N,143.4 E,일본 혼슈 도쿄 남남동쪽 975km 해역
2010-12-21,2010년 12월 21일,6.2,2.74 N,95.97 E,인도네시아 수마트라 랑사 남서쪽 295km 지역
2010-12-13,2010년 12월 13일,6.1,-6.56 N,155.66 E,파푸아뉴기니 부건빌섬 아라와 남남동쪽 40km지역
2010-12-06,2010년 12월 6일,5.7,40.8 N,143.2 E,일본 혼슈 아오모리 동쪽 290km 해역
2010-12-02,2010년 12월 2일,6.9,-6.11 N,149.85 E,파푸아뉴기니 뉴브리튼섬 칸드리안 동북동쪽 35km 지역
2010-11-30,2010년 11월 30일,6.9,28.4 N,139.7 E,일본 혼슈 나고야 남남동쪽 793km 해역
2010-11-23,2010년 11월 23일,6,-6.02 N,148.97 E,파푸아뉴기니 뉴브리튼섬 칸드리안 서북서쪽 67km 지역
2010-11-21,2010년 11월 21일,5.7,23.84 N,121.69 E,대만 화련 남남동쪽 20km 해역
2010-10-25,2010년 10월 25일,7.5,-3.1 N,100.2 E,인도네시아 수마트라 파당 남쪽 240km 해역
2010-10-14,2010년 10월 14일,5.4,42.3 N,143.1 E,일본 홋카이도 구시로 남서쪽 128km 지역
2010-10-04,2010년 10월 4일,6.3,24.29 N,125.3 E,대만 타이베이 동남동쪽 394km 해역
2010-09-30,2010년 9월 30일,7.2,-4.92 N,133.78 E,인도네시아 파푸아 에나로탈리 서남서쪽 310km 해역
2010-09-29,2010년 9월 29일,5.8,37.3 N,140.0 E,일본 혼슈 도쿄 북쪽 180km 지역
2010-09-18,2010년 9월 18일,6.3,36.49 N,70.83 E,아프카니스탄 카불 북동쪽 265km 지역
2010-09-04,2010년 9월 4일,7.4,-43.6 N,172.7 E,뉴질랜드 크라이스트처치 남남동쪽 6km 지역
2010-08-27,2010년 8월 27일,5.1,36.1 N,136.9 E,일본 혼슈 후쿠이 동쪽 58km 지역
2010-08-14,2010년 8월 14일,7.2,12.5 N,141.7 E,괌 하갓냐 서남서 348km 해역
2010-08-12,2010년 8월 12일,6.9,-1.28 N,-77.37 E,에콰도르 키토 남동쪽 170km 지역
2010-08-10,2010년 8월 10일,6.2,39.3 N,143.5 E,일본 혼슈 모리오카 동남동쪽 209km 해역
2010-08-10,2010년 8월 10일,7.5,-17.6 N,167.9 E,바누아투 포트빌라 서북서쪽 46km 해역
2010-08-05,2010년 8월 5일,7,-5.8 N,150.77 E,파푸아뉴기니 뉴브리튼섬 칸드리안 동북동쪽 145km 지역
2010-07-25,2010년 7월 25일,5.6,22.84 N,120.74 E,대만 카오슝 동북동쪽 58km 지역
2010-07-24,2010년 7월 24일,7.4,6.48 N,123.53 E,필리핀 민다나오섬 코타바토 남서쪽 115km 해역
2010-07-24,2010년 7월 24일,7.3,6.71 N,123.48 E,필리핀 민다나오섬 코타바토 남서쪽 100km 해역
2010-07-23,2010년 7월 23일,5.3,35.9 N,140.5 E,일본 혼슈 도쿄 동북동쪽 74km 지역
2010-07-21,2010년 7월 21일,5.1,34.2 N,135.7 E,일본 혼슈 오사카 남남동쪽 57km 지역
2010-07-21,2010년 7월 21일,6.3,-5.92 N,150.68 E,파푸아뉴기니 뉴브리튼섬 칸드리안 동북동쪽 132km 지역
2010-07-18,2010년 7월 18일,6.9,-6.12 N,150.52 E,파푸아뉴기니 뉴브리튼섬 칸드리안 동쪽 110km 지역
2010-07-14,2010년 7월 14일,6.5,-38.0 N,-73.28 E,칠레 콘셉시온 남쪽 132km 지역
2010-07-12,2010년 7월 12일,6.2,-22.26 N,-68.21 E,칠레 칼라마 동북동쪽 78km 지역
2010-07-09,2010년 7월 9일,5.8,24.66 N,122.66 E,대만 타이베이 동남동쪽 125km 해역
2010-07-05,2010년 7월 5일,6.3,39.6 N,142.7 E,일본 혼슈 모리오카 동쪽 136km 해역
2010-07-04,2010년 7월 4일,5.2,39.0 N,140.9 E,일본 혼슈 모리오카 남남서쪽 78km 지역
2010-06-30,2010년 6월 30일,6.5,16.53 N,-97.71 E,멕시코 오악사카 서남서쪽 120km 지역
2010-06-28,2010년 6월 28일,5.9,30.8 N,142.1 E,일본 혼슈 도쿄 남남동쪽 584km 해역
2010-06-24,2010년 6월 24일,6.1,-5.61 N,151.09 E,파푸아뉴기니 뉴브리튼섬 칸드리안 동북동쪽 185km 지역
2010-06-16,2010년 6월 16일,7.4,-2.27 N,136.56 E,인도네시아 이리안자야 북쪽 172km 지역
2010-06-15,2010년 6월 15일,5.6,24.06 N,121.63 E,대만 화렌 북쪽 9km 해역
2010-06-13,2010년 6월 13일,6.2,37.4 N,141.8 E,일본 혼슈 센다이 남동쪽 135km 해역
2010-06-13,2010년 6월 13일,7.7,7.72 N,91.9 E,인도네시아 수마트라 반다아체 서북서쪽 452km 해역
2010-06-12,2010년 6월 12일,5.9,26.6 N,143.5 E,일본 혼슈 도쿄 남남동쪽 약 1075km 해역
2010-05-28,2010년 5월 28일,7.5,-13.67 N,166.54 E,바누아투 산토 북북서쪽 217km 해역
2010-05-26,2010년 5월 26일,6.4,25.8 N,129.96 E,일본 오키나와 나하 동쪽 240km 해역
2010-05-25,2010년 5월 25일,6.5,-8.07 N,-71.57 E,브라질 끄루제이로두술 동남동쪽 약 127km 지역
2010-05-19,2010년 5월 19일,6,-5.04 N,-77.5 E,페루 모요밤바 북서쪽 약 135km 지역
2010-05-09,2010년 5월 9일,7.4,3.6 N,96.04 E,인도네시아 수마트라 반다아체 남남동쪽 226km 해역
2010-05-06,2010년 5월 6일,6.4,-18.0 N,-70.49 E,페루 타크나 서쪽 25km 지역
2010-05-03,2010년 5월 3일,6.1,29.8 N,141.6 E,일본 혼슈 도쿄 남동쪽 약 680km 해역
2010-04-26,2010년 4월 26일,6.9,22.25 N,123.73 E,대만 카오슝 동쪽 360km 해역
2010-04-23,2010년 4월 23일,6.1,-37.42 N,-72.94 E,칠레 콘셉시온 남쪽 65km 지역
2010-04-14,2010년 4월 14일,6.9,33.26 N,96.67 E,중국 시짱(티벳) 창두 북북서 239km 지역
2010-04-12,2010년 4월 12일,6.2,37.08 N,-3.47 E,스페인 마드리드 남쪽 372km 지역
2010-04-11,2010년 4월 11일,7.5,-11.0 N,161.13 E,솔로몬제도 키라키라 남서쪽 107km 해역
2010-04-07,2010년 4월 7일,6,-3.86 N,141.86 E,파푸아뉴기니 바니모 남남동쪽 148km 지역
2010-04-07,2010년 4월 7일,7.8,2.24 N,97.05 E,인도네시아 수마트라 시볼가 서북서쪽 204km 해역
2010-04-05,2010년 4월 5일,7.2,32.09 N,-115.25 E,멕시코 과달루프 빅토리아 남남서쪽 26km 지역
2010-03-30,2010년 3월 30일,5.7,43.2 N,138.6 E,일본 홋카이도 삿포르 서쪽 214km 해역
2010-03-26,2010년 3월 26일,6.2,-27.99 N,-70.71 E,칠레 산티아고 북쪽 613km 지역
2010-03-14,2010년 3월 14일,6.6,37.7 N,141.9 E,일본 혼슈 센다이 남동쪽 119km 해역
2010-03-13,2010년 3월 13일,5.7,37.6 N,141.5 E,일본 혼슈 센다이 남동쪽 101km 해역
2010-03-11,2010년 3월 11일,7.2,-34.29 N,-71.95 E,칠레 산티아고 남서쪽 147km 지역
2010-03-05,2010년 3월 5일,6.4,-22.32 N,-68.1 E,칠레 칼라마 동북동쪽 87km 지역
2010-03-04,2010년 3월 4일,6.4,22.9 N,120.91 E,대만 카오슝 동북동쪽 76km 지역
2010-03-01,2010년 3월 1일,5.1,39.4 N,140.7 E,일본 혼슈 모리오카 남서쪽 47km 지역
2010-02-28,2010년 2월 28일,6.3,-24.59 N,-65.43 E,아르헨티나 살타 북쪽 20km 지역
2010-02-27,2010년 2월 27일,8.8,-35.85 N,-72.72 E,칠레 산티아고 남서쪽 325km 해역
2010-02-27,2010년 2월 27일,6.9,26.3 N,128.2 E,일본 큐슈 가고시마 남남서쪽 629km 해역
2010-02-26,2010년 2월 26일,5.5,23.52 N,122.96 E,대만 타이베이 남동쪽 223km 해역
2010-02-22,2010년 2월 22일,6,23.89 N,123.23 E,대만 타이베이 남동쪽 216km 해역
2010-02-18,2010년 2월 18일,6.7,42.56 N,130.84 E,러시아 블라디보스토크 남서쪽 110km 지역
2010-02-07,2010년 2월 7일,6.6,23.48 N,123.64 E,대만 화렌 동남동쪽 216km 해역
2010-01-24,2010년 1월 24일,5,35.5 N,110.63 E,중국 북경 남서쪽 705km 지역
2010-01-20,2010년 1월 20일,6.1,18.43 N,-72.88 E,아이티 포르토프랭스 서남서쪽 59km 지역
2010-01-19,2010년 1월 19일,6,13.81 N,-90.2 E,과테말라 과테말라시티 서남서쪽 75km 지역
2010-01-17,2010년 1월 17일,5.5,38.0 N,143.6 E,일본 혼슈 센다이 동쪽 250km 해역
2010-01-15,2010년 1월 15일,5.5,26.8 N,126.3 E,대만 타이베이 동북동쪽 521km 해역
2010-01-13,2010년 1월 13일,7,18.45 N,-72.45 E,아이티 수도 포르토프랭스 남서쪽 15km 지역
2010-01-04,2010년 1월 4일,7.2,-8.91 N,157.31 E,솔로몬제도 기조 남남동쪽 103km 해역
2009-12-24,2009년 12월 24일,6.2,42.0 N,134.7 E,러시아 블라디보스토크 남동쪽 260km 해역
2009-12-19,2009년 12월 19일,6.4,23.76 N,121.69 E,대만 화련 남남동쪽 25km 해역
2009-12-18,2009년 12월 18일,5.1,36.4 N,139.7 E,일본 혼슈 도쿄 북쪽 78km 지역
2009-11-24,2009년 11월 24일,5.8,43.3 N,146.9 E,일본 홋카이도 동쪽 해역(태평양)
2009-11-15,2009년 11월 15일,6.1,-22.89 N,-66.53 E,아리헨티나 산 살바도르 데 후후이 북서쪽 190km 지역
2009-11-13,2009년 11월 13일,6.5,-19.35 N,-70.25 E,칠레 아리카 남쪽 95km 지역
2009-11-09,2009년 11월 9일,7.2,-17.21 N,178.41 E,피지 수바 북쪽 약 100km 해역
2009-11-05,2009년 11월 5일,5.7,23.61 N,120.67 E,대만 타이베이 남남서쪽 185km 지역
2009-10-30,2009년 10월 30일,6.8,29.2 N,129.9 E,일본 큐슈 가고시마 남남서쪽 272km 해역
2009-10-30,2009년 10월 30일,6,36.47 N,70.72 E,아프가니스탄 카불 북북동쪽 255km 지역
2009-10-24,2009년 10월 24일,7,-6.16 N,130.35 E,인도네시아 타님바르제도 북북서쪽 230km 해역
2009-10-23,2009년 10월 23일,6.2,36.47 N,70.93 E,아프카니스탄 페이자바드 남남동쪽 77km 지역
2009-10-08,2009년 10월 8일,7,-13.2 N,166.2 E,바누와투 루간빌 북북서쪽 278km 해역
2009-10-08,2009년 10월 8일,8.1,-12.28 N,166.28 E,바누아투 루간빌 북북서쪽 373km 해역
2009-10-03,2009년 10월 3일,6.1,23.64 N,121.57 E,대만 화련 남쪽 35km 해역
2009-10-01,2009년 10월 1일,6.8,-2.54 N,101.63 E,인도네시아 수마트라 뱅클루 북북서쪽 154km 지역
2009-09-30,2009년 9월 30일,7.9,-0.8 N,99.93 E,인도네시아 수마트라 파당 서북서 50km 해역
2009-09-30,2009년 9월 30일,7.9,-15.55 N,-172.14 E,남태평양 통가 히히포 동북동쪽 180km 해역
2009-09-29,2009년 9월 29일,5.9,27.8 N,127.9 E,일본 큐슈 가고시마 남남서쪽 490km 해역
2009-09-21,2009년 9월 21일,6.3,27.28 N,91.43 E,부탄 팀부 동쪽 175km 지역
2009-09-08,2009년 9월 8일,6.2,42.71 N,43.48 E,그루지아 쿠타이시 북동쪽 80km 지역
2009-09-03,2009년 9월 3일,6,31.1 N,130.3 E,일본 큐슈 가고시마 남남서쪽 57km 해역
2009-09-02,2009년 9월 2일,7.4,-7.84 N,107.26 E,인도네시아 자바섬 반둥 남남서쪽 104km 해역
2009-08-28,2009년 8월 28일,6.2,37.72 N,95.68 E,중국 칭하이성 북부 지역
2009-08-18,2009년 8월 18일,5.9,23.3 N,123.5 E,대만 타이베이 남동쪽 279km 해역
2009-08-17,2009년 8월 17일,6.5,23.1 N,123.7 E,대만 타이베이 남동쪽 309km 해역
2009-08-17,2009년 8월 17일,6.8,23.2 N,123.8 E,대만 타이베이 남동쪽 309km 해역
2009-08-16,2009년 8월 16일,7,-1.41 N,99.5 E,인도네시아 수마트라 파당 서남서쪽 110km 해역
2009-08-13,2009년 8월 13일,6.5,33.0 N,140.8 E,일본 혼슈 도쿄 남남동쪽 315km 해역
2009-08-11,2009년 8월 11일,6.6,34.8 N,138.5 E,일본 혼슈 나고야 동남동쪽 150km 해역
2009-08-11,2009년 8월 11일,7.6,14.01 N,92.02 E,인도 벵골만 포트블레어 북쪽 262km 해역
2009-08-09,2009년 8월 9일,6.9,33.1 N,138.5 E,일본 혼슈 나고야 남남동쪽 269km 해역
2009-08-05,2009년 8월 5일,6.4,24.23 N,125.01 E,대만 타이베이 동남동쪽 367km 해역
2009-08-02,2009년 8월 2일,6.1,-0.5 N,132.9 E,인도네시아 마노콰리 서북서쪽 142km 지역
2009-07-29,2009년 7월 29일,5.5,22.6 N,143.34 E,일본 화산섬 이오지마 남동쪽 318km 해역
2009-07-15,2009년 7월 15일,7.8,-46.1 N,166.3 E,뉴질랜드 남섬(S.Island) 남서쪽 해역
2009-07-14,2009년 7월 14일,6.3,24.07 N,122.17 E,대만 타이베이 남남동쪽 125km 해역
2009-07-12,2009년 7월 12일,6,-15.08 N,-70.51 E,페루 줄리아카 북서쪽 59km 지역
2009-07-07,2009년 7월 7일,5.7,24.9 N,128.1 E,대만 타이베이 동쪽 667km 해역
2009-06-23,2009년 6월 23일,7,-5.33 N,153.63 E,파푸아뉴기니아 라바울섬 남동쪽 203km 해역
2009-06-23,2009년 6월 23일,5.5,38.9 N,142.5 E,일본 혼슈 모리오카 남동쪽 147km 해역
2009-06-06,2009년 6월 6일,5.9,35.6 N,141.4 E,일본 혼슈 미토 남동쪽 126km 해역
2009-06-05,2009년 6월 5일,6.3,41.7 N,143.7 E,일본 홋카이도 구시로 남남서쪽 152km 해역
2009-05-28,2009년 5월 28일,7.1,16.78 N,-86.17 E,온두라스 라 세이바 북북동쪽 130km 해역
2009-05-12,2009년 5월 12일,6.1,-5.78 N,149.67 E,파푸아뉴기니 뉴브리튼 칸드리안 지역
2009-05-10,2009년 5월 10일,5.5,36.7 N,142.6 E,일본 혼슈 미토 동쪽 199km 해역
2009-05-04,2009년 5월 4일,6.1,14.66 N,-91.14 E,과테말라 과테말라시 서쪽 70km 지역(아티틀란호)
2009-04-18,2009년 4월 18일,5,42.94 N,130.6 E,러시아 블라디보스토크 서남서쪽 111km 지역
2009-04-06,2009년 4월 6일,6.7,42.48 N,13.16 E,이탈리아 로마 북동쪽 86km 지역
2009-04-05,2009년 4월 5일,5.6,31.9 N,131.9 E,일본 큐슈 미야자키 동쪽 46km 해역
2009-03-29,2009년 3월 29일,6,-2.93 N,139.56 E,인도네시아 자야푸라 서남서쪽 134km 지역
2009-03-27,2009년 3월 27일,5.7,27.4 N,126.8 E,일본 오키나와 나하 북서쪽 158km 해역
2009-03-20,2009년 3월 20일,7.9,-23.02 N,-174.78 E,통가 남남동쪽 약 213km 해역
2009-02-28,2009년 2월 28일,5.4,42.6 N,142.2 E,일본 홋카이도 삿포로 남동쪽 95km 지역
2009-02-19,2009년 2월 19일,7.3,-27.3 N,-175.7 E,뉴질랜드 라울섬 303km 해역
2009-02-18,2009년 2월 18일,5.1,35.7 N,136.3 E,일본 혼슈 후쿠이 남쪽 43km 지역
2009-02-15,2009년 2월 15일,6,40.3 N,142.5 E,일본 혼슈 모리오카 동북동쪽 137km 해역
2009-02-12,2009년 2월 12일,7,3.87 N,126.41 E,인도네시아 탈라우드 남쪽 해역
2009-02-01,2009년 2월 1일,5.8,36.7 N,141.4 E,일본 혼슈 미토 동북동쪽 95km 해역
2009-01-16,2009년 1월 16일,7.7,46.99 N,155.11 E,일본 홋카이도 구시로 동북동쪽 955km (쿠릴열도) 해역
2009-01-09,2009년 1월 9일,6.1,10.21 N,-84.25 E,코스타리카 산호세 북서쪽 32km 지역
2009-01-04,2009년 1월 4일,7.5,-0.7 N,133.38 E,인도네시아 이리안자야 마노콰리 서북쪽 81km 해역
2009-01-04,2009년 1월 4일,6.2,36.53 N,70.78 E,아프카니스탄 페이자바드 남남동쪽 66km 지역
2009-01-04,2009년 1월 4일,7.8,-0.7 N,132.8 E,인도네시아 이리안자야 마노콰리 서쪽 144km 지역
2008-12-21,2008년 12월 21일,6.2,36.6 N,142.5 E,일본 혼슈 미토 동쪽 188km 해역
2008-12-20,2008년 12월 20일,6.5,36.5 N,142.6 E,일본 혼슈 미토 동쪽 197km 해역
2008-12-09,2008년 12월 9일,7,-31.06 N,-177.03 E,뉴질랜드 오클랜드 북동쪽 990km 해역
2008-12-04,2008년 12월 4일,5.7,38.6 N,143.2 E,일본 혼슈 센다이 동쪽 214km해역
2008-12-04,2008년 12월 4일,6.1,38.5 N,143.3 E,일본 혼슈 센다이 동쪽 221km해역
2008-11-24,2008년 11월 24일,7,54.2 N,154.5 E,러시아 캄차카반도 서쪽 약 85km 해역
2008-11-17,2008년 11월 17일,7.8,1.35 N,122.12 E,인도네시아 술라웨시섬 고론탈로 북서쪽 139km 해역
2008-11-10,2008년 11월 10일,6.5,37.62 N,95.85 E,중국 칭하이성 거얼무 북북동쪽 약 162km 지역
2008-10-29,2008년 10월 29일,6.1,30.63 N,67.52 E,파키스탄 퀘타 북동쪽 69km 지역
2008-10-29,2008년 10월 29일,6.2,30.75 N,67.34 E,파키스탄 퀘타 북북동쪽 69km 지역
2008-10-19,2008년 10월 19일,7.1,-21.81 N,-173.49 E,통가 누쿠알로파 동남동쪽 약 195km 해역
2008-10-06,2008년 10월 6일,6.5,29.76 N,90.41 E,중국 티벳 라사 서쪽 약 74km 지역
2008-10-06,2008년 10월 6일,6,33.95 N,69.48 E,아프카니스탄 카불 남남동쪽 약 70km 지역
2008-10-06,2008년 10월 6일,6.9,39.7 N,73.88 E,키르기즈스탄 사리타쉬 동쪽 61km 지역
2008-10-01,2008년 10월 1일,5.6,30.3 N,139.5 E,일본 혼슈 도쿄 남남동쪽 595km 해역
2008-09-30,2008년 9월 30일,7.3,-29.9 N,-177.78 E,태평양 뉴질랜드 오클랜드 북동쪽 1035km 해역
2008-09-27,2008년 9월 27일,6.1,13.4 N,120.48 E,필리핀 마닐라 남남서쪽 145km 지역
2008-09-11,2008년 9월 11일,7,41.5 N,144.4 E,일본 홋카이도 구시로 남쪽 164km 해역
2008-09-09,2008년 9월 9일,7,-13.49 N,166.88 E,바누아투 산토 북쪽 229km 해역
2008-09-03,2008년 9월 3일,6,-26.57 N,-63.18 E,아르헨티나 산티아고 델 에스테로 북동쪽 171km 지역
2008-08-30,2008년 8월 30일,6.3,-6.19 N,147.26 E,파푸아뉴기니 라에 북북동쪽 68km 지역
2008-08-27,2008년 8월 27일,6.3,51.73 N,104.25 E,러시아 이르쿠츠크 서쪽 65km 지역(바이칼호)
2008-08-27,2008년 8월 27일,6.3,-7.55 N,-74.47 E,페루 푸칼파 북쪽 93km 지역
2008-08-25,2008년 8월 25일,6.6,30.99 N,83.65 E,중국 시짱(티벳) 서부 지역
2008-08-05,2008년 8월 5일,6.2,32.74 N,105.51 E,중국 쓰촨성 광유안 북서쪽 45km 지역
2008-07-24,2008년 7월 24일,5,39.6 N,141.6 E,일본 혼슈 모리오카 동남동쪽 42km 지역
2008-07-24,2008년 7월 24일,6.8,39.7 N,141.7 E,일본 혼슈 모리오카 동쪽 50km 지역
2008-07-21,2008년 7월 21일,6.1,37.1 N,142.3 E,일본 혼슈 미토 동북동쪽 186km 해역
2008-07-19,2008년 7월 19일,6.6,37.5 N,142.5 E,일본 혼슈 센다이 동남동쪽 176km 해역
2008-07-13,2008년 7월 13일,6.5,21.03 N,120.87 E,대만 카오슝 남남동쪽 186km 해역
2008-07-08,2008년 7월 8일,6,-15.96 N,-71.68 E,페루 아레키파 북북서쪽 55km 지역
2008-07-08,2008년 7월 8일,6,27.5 N,128.5 E,일본 큐슈 가고시마 남남서쪽 494km 해역
2008-07-05,2008년 7월 5일,7.6,53.8 N,153.2 E,러시아 페트로파블로프스크-캄차츠키 서북서쪽 약370km 해역
2008-06-14,2008년 6월 14일,7,39.0 N,140.9 E,일본 혼슈 모리오카 남남서쪽 78km 지역
2008-06-02,2008년 6월 2일,6,24.95 N,121.76 E,대만 타이베이 동남동쪽 28km 지역
2008-05-30,2008년 5월 30일,6.1,64.03 N,-20.99 E,아이슬란드 수도 레이캬비크 동남동쪽 약 50km 지역
2008-05-19,2008년 5월 19일,6.3,42.5 N,132.6 E,러시아 블라디보스톡 동남쪽 90km 해역
2008-05-18,2008년 5월 18일,6,32.27 N,104.98 E,중국 쓰촨성 청두 북동쪽 약 193km 지역
2008-05-12,2008년 5월 12일,7.8,31.11 N,103.33 E,중국 쓰촨성 청두 북서쪽 약 90km 지역
2008-05-09,2008년 5월 9일,5.7,36.3 N,141.9 E,일본 혼슈 미토 동쪽 134km 해역
2008-05-08,2008년 5월 8일,6.3,36.2 N,142.1 E,일본 혼슈 미토 동쪽 153km 해역
2008-04-29,2008년 4월 29일,5.5,41.4 N,142.1 E,일본 혼슈 아오모리 북동쪽 약 130km 해역
2008-04-24,2008년 4월 24일,6.2,22.93 N,121.75 E,대만 타이퉁 북동쪽 약 65km 해역
2008-04-23,2008년 4월 23일,5.6,33.7 N,141.1 E,일본 혼슈 도쿄 남남동쪽 255km 해역
2008-04-17,2008년 4월 17일,5.7,39.0 N,140.3 E,일본 혼슈 아키타 남쪽 72km 지역
2008-04-12,2008년 4월 12일,7.3,-55.56 N,158.31 E,태평양 뉴질랜드 인버카길 남서쪽 약 1240km 해역
2008-04-09,2008년 4월 9일,7.5,-20.21 N,168.81 E,바누아투 포트빌라 남쪽 278km 해역
2008-04-04,2008년 4월 4일,5,36.2 N,139.8 E,일본 혼슈 도쿄 북쪽 56km 지역
2008-03-21,2008년 3월 21일,7.4,35.52 N,81.67 E,중국 신장 호탄 남동쪽 약 235km 지역
2008-03-15,2008년 3월 15일,6.3,27.3 N,143.2 E,일본 혼슈 도쿄 남남동쪽 990km 해역
2008-03-05,2008년 3월 5일,5.5,23.22 N,120.72 E,대만 신잉 동쪽 약 43km 지역
2008-02-27,2008년 2월 27일,6.4,26.84 N,142.42 E,일본 보닌섬 치치시마 남동쪽 34km 해역
2008-02-25,2008년 2월 25일,7.1,-2.56 N,100.04 E,인도네시아 수마트라 파당 남쪽 182km 지역
2008-02-21,2008년 2월 21일,6.3,41.08 N,114.77 E,미국 네바다주 웰스 동남동쪽 약 17km 지역
2008-02-20,2008년 2월 20일,7.6,2.6 N,95.95 E,인도네시아 시뮤루섬 지역
2008-02-18,2008년 2월 18일,5.8,23.28 N,121.45 E,대만 카오슝 동북동쪽 145km 해역
2008-02-16,2008년 2월 16일,6,-21.23 N,-68.01 E,볼리비아 포토시 남서쪽 299km 지역
2008-02-12,2008년 2월 12일,6.4,16.49 N,-94.12 E,멕시코 치아파스 아리아가 북서쪽 37km 지역
2008-02-05,2008년 2월 5일,6.6,-20.02 N,-69.84 E,칠레 이키케 북동쪽 40km 지역
2008-01-09,2008년 1월 9일,6.3,32.34 N,85.15 E,네팔 카트만두 북쪽 약 516km 지역
2008-01-02,2008년 1월 2일,6.2,-5.97 N,146.86 E,파푸아뉴기니 라에 북쪽 88km 지역
2007-12-25,2007년 12월 25일,5.6,38.5 N,142.2 E,일본 혼슈 센다이 동쪽 126km해역
2007-12-22,2007년 12월 22일,6.4,-2.42 N,139.06 E,인도네시아 자야푸라 서쪽 182km 지역
2007-12-20,2007년 12월 20일,6.4,-38.8 N,177.91 E,뉴질랜드 기스본 남남서쪽 18km지역
2007-12-19,2007년 12월 19일,7.3,51.27 N,-179.43 E,알래스카 아닥 서남서쪽 약 204km 해역
2007-12-16,2007년 12월 16일,6.7,-22.56 N,-69.98 E,칠레 칼라마 서쪽 110km지역
2007-12-09,2007년 12월 9일,7.6,-26.16 N,-177.45 E,뉴질랜드 케르마데크제도 라울섬 북동쪽 260km 해역
2007-12-07,2007년 12월 7일,6,30.06 N,141.43 E,일본 혼슈 도쿄 남남동쪽 643km해역(태평양쪽)
2007-11-30,2007년 11월 30일,7.3,14.92 N,-61.26 E,대서양 마티니크 세인트피어 북서쪽 약 21km 해역
2007-11-26,2007년 11월 26일,5.9,37.3 N,141.8 E,일본 혼슈 센다이 남동쪽 143km 해역
2007-11-26,2007년 11월 26일,6.8,-8.34 N,118.42 E,인도네시아 숨바와섬 라바 서북서쪽 약 40km 지역
2007-11-18,2007년 11월 18일,6,-22.57 N,-66.22 E,아르헨티나 후후이 북북서쪽 200km 지역
2007-11-16,2007년 11월 16일,6.7,-2.3 N,-77.79 E,에콰도르 이바라 북동쪽 약 50km 지역
2007-11-16,2007년 11월 16일,6.8,-22.88 N,-70.07 E,칠레 안토파가스타 북북동쪽 93km 지역
2007-11-15,2007년 11월 15일,7.7,-22.19 N,-69.84 E,칠레 칼라마 서북서쪽 101km 지역
2007-10-25,2007년 10월 25일,7.1,-4.08 N,100.8 E,인도네시아 수마트라 벵클루 남서쪽 약 170km 해역
2007-09-30,2007년 9월 30일,7.3,-49.39 N,163.84 E,태평양 뉴질랜드 인버카길 남서쪽 약 470km 해역
2007-09-30,2007년 9월 30일,7,10.48 N,145.61 E,태평양 괌 남남동쪽 약 340km 해역
2007-09-28,2007년 9월 28일,7.4,21.9 N,142.7 E,일본 혼슈 도쿄 남쪽 1561km 해역
2007-09-13,2007년 9월 13일,7.8,-2.53 N,101.0 E,인도네시아 수마트라 벵클루 북서쪽 약 200km 해역
2007-09-12,2007년 9월 12일,8.4,-4.52 N,101.38 E,인도네시아 수마트라 벵클루 남서쪽 약 130km 해역
2007-09-07,2007년 9월 7일,6.5,24.3 N,122.3 E,대만 화련 동쪽 약 73km 해역
2007-09-02,2007년 9월 2일,7.5,-11.83 N,165.64 E,솔로몬섬 호니아라시 동남동쪽 432km 해역
2007-08-29,2007년 8월 29일,5.6,21.73 N,121.39 E,대만 카오슝 남동쪽 152km 해역
2007-08-22,2007년 8월 22일,5.2,42.0 N,140.8 E,일본 훗카이도 삿포르 남남서쪽 125km 지역
2007-08-18,2007년 8월 18일,5.1,35.4 N,140.4 E,일본 혼슈 도쿄 동남동쪽 68km 지역
2007-08-16,2007년 8월 16일,7.5,-13.5 N,-76.7 E,페루 리마 남남동쪽 160km 해역
2007-08-09,2007년 8월 9일,5.3,22.76 N,120.64 E,대만 카오슝 동북동쪽 45km 지역
2007-08-09,2007년 8월 9일,7.5,-5.97 N,107.66 E,인도네시아 자바섬 자카르타 북동쪽 약 100km 해역(USGS 3차발표)
2007-08-07,2007년 8월 7일,6.4,27.6 N,126.5 E,일본 오키나와 북서쪽 약180km 해역
2007-08-02,2007년 8월 2일,6.4,47.3 N,142.2 E,러시아 유즈노사할린스크 북서쪽 약 50km 지역
2007-08-02,2007년 8월 2일,7.4,-15.77 N,167.8 E,남서태평양 바누아투 해역
2007-08-01,2007년 8월 1일,6.1,27.3 N,126.8 E,일본 오키나와 북서쪽 약 140km 해역
2007-07-26,2007년 7월 26일,7.4,2.89 N,127.54 E,인도네시아 몰루카해역
2007-07-23,2007년 7월 23일,5.6,23.64 N,121.57 E,대만 화롄 남쪽 약 37km 해역
2007-07-21,2007년 7월 21일,6.1,-7.98 N,-71.13 E,브라질 아마조나스 지역
2007-07-16,2007년 7월 16일,6.6,36.8 N,135.2 E,일본 혼슈 후쿠이 북서쪽 123km 해역
2007-07-16,2007년 7월 16일,5.6,37.5 N,138.7 E,일본 혼슈 니가타 남남서쪽 57km 지역
2007-07-16,2007년 7월 16일,6.6,37.5 N,138.6 E,일본 혼슈 니가타 남서쪽 63km 해안
2007-07-12,2007년 7월 12일,6,-7.93 N,74.36 E,페루 뿌깔빠 북북동쪽 약 55km 지역
2007-07-06,2007년 7월 6일,6.1,16.7 N,-93.5 E,멕시코 치아빠스 뚝스뜰라 서쪽 약 40km 지역
2007-07-01,2007년 7월 1일,5.6,43.5 N,144.9 E,일본 홋카이도 구시로 북동쪽 73km 지역
2007-06-28,2007년 6월 28일,6.7,-7.95 N,154.6 E,남태평양 솔로몬 해역
2007-06-23,2007년 6월 23일,5.1,42.5 N,142.2 E,일본 홋카이도 삿포로 동남동쪽 119km지역
2007-06-03,2007년 6월 3일,6.1,22.99 N,100.87 E,중국 윈난성 거주지역
2007-05-31,2007년 5월 31일,6.4,52.04 N,157.62 E,러시아 캄차카반도 남부 지역
2007-05-16,2007년 5월 16일,6.1,20.48 N,100.82 E,라오스 비엔티안 북서쪽 330km 지역
2007-05-05,2007년 5월 5일,6,34.28 N,81.9 E,티벳 서부 지역
2007-04-26,2007년 4월 26일,5.4,33.9 N,133.6 E,일본 시코쿠 고치 북북동쪽 29km 지역
2007-04-22,2007년 4월 22일,6.4,-45.17 N,-73.12 E,칠레 푸에르토아이센 북북서쪽 33km 지역
2007-04-21,2007년 4월 21일,5.9,27.5 N,128.5 E,일본 가고시마 남서쪽 364km 해역
2007-04-20,2007년 4월 20일,6.2,25.7 N,125.0 E,대만 타이베이 동북동쪽 360km 해역
2007-04-20,2007년 4월 20일,6.7,25.7 N,125.2 E,대만 타이베이 동북동쪽 380km 해역
2007-04-20,2007년 4월 20일,6.2,25.8 N,125.1 E,대만 타이베이 동북동쪽 380km 해역
2007-04-19,2007년 4월 19일,5.5,42.6 N,142.0 E,일본 홋카이도 삿포로 남동쪽 75km 지역
2007-04-15,2007년 4월 15일,5.3,34.8 N,136.4 E,일본 나고야 서남서쪽 62km 지역
2007-04-13,2007년 4월 13일,6,17.4 N,-100.1 E,멕시코 멕시코시티 남남서쪽 약 250km 지역
2007-04-03,2007년 4월 3일,6.2,36.53 N,70.67 E,아프가니스탄 카불 약 북동쪽 260km
2007-04-02,2007년 4월 2일,7.7,-8.56 N,157.37 E,솔로몬섬 지역
2007-04-01,2007년 4월 1일,5.7,32.4 N,137.7 E,일본 나고야 남남동쪽 240km 해역
2007-03-25,2007년 3월 25일,7.1,37.3 N,136.5 E,일본 도야마 서북서쪽 93km 영역
2007-03-18,2007년 3월 18일,5.8,42.1 N,144.3 E,일본 훗카이도 구시로 남쪽 80km 해역
2007-03-11,2007년 3월 11일,5.6,43.7 N,147.8 E,일본 삿포로 동쪽 733km 해역
2007-03-09,2007년 3월 9일,6.2,43.34 N,133.65 E,러시아 블라디보스토크 동쪽 150km 지역
2007-03-08,2007년 3월 8일,6,30.0 N,141.1 E,일본 도쿄 남남동쪽 약 512km 해역
2007-03-06,2007년 3월 6일,6.3,-0.54 N,100.5 E,인도네시아 수마트라 파당 북쪽50km지역
2007-02-17,2007년 2월 17일,6.6,41.6 N,143.9 E,일본 홋카이도 삿포로 동남동쪽 270km 해역
2007-01-25,2007년 1월 25일,6.2,22.86 N,121.91 E,대만 타이퉁 동쪽 80km 해역
2007-01-21,2007년 1월 21일,7.3,1.21 N,126.29 E,인도네시아 몰루카 서북서쪽 129km 해역
2007-01-16,2007년 1월 16일,5.7,35.0 N,138.9 E,일본 도쿄 서남서쪽 110km 지역
2007-01-13,2007년 1월 13일,8.3,46.1 N,154.2 E,일본 북해도 북동쪽 (쿠릴열도) 해역
2006-12-26,2006년 12월 26일,7,22.02 N,120.54 E,대만 카우슝 남남동쪽 69km 해역
2006-12-26,2006년 12월 26일,7.2,21.85 N,120.59 E,대만 카우슝 남남동쪽 89km 해역
2006-12-23,2006년 12월 23일,6.1,10.68 N,92.39 E,인도 안다만섬 지역
2006-12-11,2006년 12월 11일,5.6,29.7 N,130.7 E,일본 가고시마 남쪽 139km 해역
2006-12-01,2006년 12월 1일,6.3,-8.22 N,118.78 E,인도네시아 순바와섬 북쪽 해역
2006-12-01,2006년 12월 1일,6.3,3.5 N,99.1 E,인도네시아 수마트라 북부지역
2006-11-22,2006년 11월 22일,5.5,44.0 N,146.8 E,일본 홋카이도 동쪽 약 150km 해역
2006-11-18,2006년 11월 18일,6.2,28.5 N,130.2 E,일본 가고시마 동쪽 약 50km 해역
2006-11-15,2006년 11월 15일,7.7,46.7 N,153.5 E,일본 북해도 북동쪽(쿠릴열도 해역)
2006-11-13,2006년 11월 13일,6.7,-26.08 N,-63.29 E,아르헨티나 산티아고델에스테로 북북동쪽 지역
2006-11-01,2006년 11월 1일,5,42.3 N,143.1 E,일본 홋카이도 삿포로 남동쪽 약165km 지역
2006-10-24,2006년 10월 24일,6.8,29.7 N,142.2 E,일본 도쿄 남남동쪽 587km 해역
2006-10-20,2006년 10월 20일,6.6,-13.3 N,-76.5 E,페루 리마 남남동쪽 약 16km 해역
2006-10-16,2006년 10월 16일,6.3,19.84 N,-156.06 E,하와이 칼라오아 북북서 14km 해역
2006-10-13,2006년 10월 13일,6.1,-31.31 N,-71.35 E,칠레 코퀸보 지역
2006-10-11,2006년 10월 11일,6,37.2 N,143.1 E,일본 센다이 동남동쪽 약 230km 해역
2006-10-01,2006년 10월 1일,6.8,46.4 N,153.9 E,러시아 쿠릴열도 동쪽 해역
2006-09-26,2006년 9월 26일,5.2,33.5 N,131.9 E,일본 큐슈 오이타 동북동쪽 41km 해역
2006-09-22,2006년 9월 22일,6,-26.78 N,-63.03 E,아르헨티나 산티아고델에스테로 북동쪽 지역
2006-09-16,2006년 9월 16일,6,-3.1 N,129.5 E,인도네시아 말루쿠 암본 동북동쪽 155km지역
2006-09-16,2006년 9월 16일,5.6,41.3 N,136.2 E,일본 아키타 서북서쪽 459km 해역
2006-09-01,2006년 9월 1일,6.8,-6.8 N,155.5 E,파푸아뉴기니 보겐빌 지역
2006-09-01,2006년 9월 1일,5.7,28.6 N,130.5 E,일본 가고시마 남쪽 약 217km 해역
2006-08-25,2006년 8월 25일,6.4,-24.3 N,-66.9 E,아르헨티나 살타 북서쪽 약 150km 지역
2006-08-18,2006년 8월 18일,6,46.7 N,142.0 E,러시아 사할린섬 지역
2006-08-17,2006년 8월 17일,6.2,55.68 N,161.66 E,러시아 캄차카반도 동쪽 지역
2006-08-13,2006년 8월 13일,5.7,28.6 N,130.5 E,일본 가고시마 남쪽 217 km 해역
2006-08-11,2006년 8월 11일,5.9,18.62 N,-100.91 E,멕시코 미초아칸 지역
2006-08-08,2006년 8월 8일,7,-15.8 N,167.8 E,바누아투 펜테코스트섬 서쪽 약 40km 해역
2006-08-07,2006년 8월 7일,6.2,26.5 N,144.2 E,일본 동경 남남동쪽 약 1100km해역
2006-08-05,2006년 8월 5일,5.9,-33.0 N,-68.7 E,아르헨티나 멘도자 남동쪽 약 20km 지역
2006-07-17,2006년 7월 17일,7.7,-9.2 N,107.32 E,인도네시아 자바섬 남쪽 약 235 km 해역
2006-07-09,2006년 7월 9일,6.2,51.39 N,-179.37 E,미국 알래스카 알루샨 열도 남쪽 해역
2006-06-27,2006년 6월 27일,7.1,51.78 N,175.6 E,알라스카 알루시안열도 해역
2006-06-12,2006년 6월 12일,6.1,33.2 N,131.4 E,일본 쿠슈 오이타 서쪽 약 20km 지역
2006-05-28,2006년 5월 28일,6.7,-5.7 N,151.3 E,파푸아뉴기니 뉴브리튼 지역
2006-05-27,2006년 5월 27일,6.3,-8.0 N,110.5 E,인도네시아 요갸카르타 남남동쪽 20km 해역
2006-05-22,2006년 5월 22일,6.2,54.32 N,158.43 E,러시아 캄차카반도 지역
2006-05-22,2006년 5월 22일,6.7,60.79 N,165.83 E,러시아 코라키아 지역
2006-05-16,2006년 5월 16일,7.5,-31.5 N,-179.3 E,뉴질랜드 케르마데크 제도 남남서쪽 285km 해역
2006-05-04,2006년 5월 4일,8.1,-19.92 N,-174.34 E,남태평양 통가 네이아푸 남남서쪽 146 km 해역
2006-05-01,2006년 5월 1일,6.4,-27.0 N,-70.8 E,칠레 코피아포 북서쪽 약 60km 지역
2006-04-30,2006년 4월 30일,6.8,60.4 N,167.6 E,러시아 코라키아 지역
2006-04-21,2006년 4월 21일,7.7,61.06 N,167.17 E,러시아 코라키아 지역
2006-04-16,2006년 4월 16일,6,30.4 N,139.4 E,일본 요코하마 남쪽 약 565km 해역
2006-04-01,2006년 4월 1일,6.5,22.9 N,121.3 E,대만 타이툰 북동 해역
2006-03-28,2006년 3월 28일,6,32.2 N,138.6 E,일본 혼슈 나고야 남동쪽 306km 해역
2006-03-27,2006년 3월 27일,5.5,32.6 N,132.2 E,일본 오이타 남동쪽 84km 해역
2006-02-23,2006년 2월 23일,7.2,-21.0 N,33.3 E,모잠비크 북부 지역
2006-01-28,2006년 1월 28일,7.7,-5.4 N,128.2 E,인도네시아 암본 남쪽 191km 해역
2006-01-03,2006년 1월 3일,7.1,-19.9 N,-178.1 E,남태평양 피지제도 수바 남동쪽 약400Km해역
2006-01-02,2006년 1월 2일,7.3,-60.86 N,-21.39 E,칠레 푼타아레나스 남동쪽 약 3037km 해역
2005-12-17,2005년 12월 17일,6.2,38.3 N,142.7 E,일본 미야기현 동쪽 해역
2005-12-13,2005년 12월 13일,6.6,36.5 N,71.2 E,아프카니스탄 페이자바드 남동쪽 90km 지역
2005-12-11,2005년 12월 11일,7,-6.5 N,152.3 E,파퓨아뉴기니 뉴브리튼 남쪽 약 254km 해역
2005-12-05,2005년 12월 5일,6.8,-5.3 N,29.9 E,탄자니아 타보라 서쪽 약 310km 지역
2005-12-04,2005년 12월 4일,6.1,29.1 N,130.8 E,일본 가고시마 남쪽 약 270km 해역
2005-12-02,2005년 12월 2일,6.4,38.1 N,142.3 E,일본 센다이 동쪽 125km 해역
2005-11-26,2005년 11월 26일,5.5,29.7 N,115.7 E,중국 동부 장시성 지역
2005-11-22,2005년 11월 22일,6,30.9 N,130.3 E,일본 큐슈 가고시마현 가이만 남서쪽 약 30km 해역
2005-11-18,2005년 11월 18일,6.9,-22.4 N,-67.8 E,칠레 안토파가스타 북동쪽 약 300km 지역
2005-11-15,2005년 11월 15일,6.9,38.0 N,145.0 E,일본 혼슈 북부 해역
2005-11-11,2005년 11월 11일,6.1,57.4 N,120.5 E,러시아 네륜구리 북서쪽 지역
2005-10-23,2005년 10월 23일,6.3,37.4 N,134.7 E,일본 가나자와 북서쪽 약 190km 해역
2005-10-19,2005년 10월 19일,6.2,36.4 N,141.0 E,일본 동경 북동쪽 약 130km 해역
2005-10-16,2005년 10월 16일,7,25.2 N,123.6 E,대만 키룽시 동쪽 약 205km 해역
2005-10-08,2005년 10월 8일,7.6,34.8 N,73.7 E,파키스탄 북부지역
2005-09-26,2005년 9월 26일,7.5,-5.7 N,-76.2 E,페루 북부 지역
2005-09-09,2005년 9월 9일,7.3,-4.5 N,153.4 E,파푸아뉴기니 타론 동쪽 약 40km 해역
2005-08-31,2005년 8월 31일,6.2,38.4 N,143.5 E,일본 미아기현 센다이 동쪽 230km 해역
2005-08-24,2005년 8월 24일,6.2,38.5 N,143.4 E,일본 센다이 북동쪽 약 175km 해역
2005-08-16,2005년 8월 16일,6.8,38.1 N,142.4 E,일본 혼슈 센다이 동쪽 약 120km 해역
2005-08-08,2005년 8월 8일,6.1,-3.7 N,140.4 E,인도네시아 자야푸라 남서쪽 약 140km 지역
2005-07-25,2005년 7월 25일,7.2,7.9 N,92.1 E,인도 니코바르섬 서쪽 약 130km 해역
2005-07-23,2005년 7월 23일,5.7,35.5 N,140.2 E,일본 도쿄 남동쪽 약 44km 지역
2005-06-17,2005년 6월 17일,7,40.6 N,-126.4 E,미국 유레카시 서쪽 약 155km 해역
2005-06-15,2005년 6월 15일,7.6,41.3 N,-125.8 E,미국 캘리포니아주 유레카시 북북서쪽 150km 해역
2005-06-14,2005년 6월 14일,7.7,-20.1 N,-68.9 E,칠레 이키케 동쪽 약 130km 지역
2005-05-19,2005년 5월 19일,6.7,1.8 N,96.5 E,인도네시아 수마트라섬 메단 남서쪽 약 315km 해역
2005-05-14,2005년 5월 14일,6.9,0.6 N,98.5 E,인도네시아 수마트라섬 남서쪽 인근해역
2005-05-10,2005년 5월 10일,6.3,-6.3 N,103.1 E,인도네시아 수마트라섬 남쪽 해역
2005-04-20,2005년 4월 20일,5.1,33.7 N,130.3 E,일본 후쿠오카 북서쪽 약 25km 해역
2005-04-20,2005년 4월 20일,5.7,33.7 N,130.3 E,일본 후쿠오카 북서쪽 약 25km 해역
2005-04-19,2005년 4월 19일,6.2,29.7 N,139.6 E,일본 도쿄 남쪽 약 660km 해역
2005-04-17,2005년 4월 17일,6.5,1.9 N,97.8 E,인도네시아 투앙쿠섬 동남동쪽 약 65km 해역
2005-04-12,2005년 4월 12일,6.7,-22.0 N,170.6 E,뉴칼레도니아 누메이 동쪽 약 440km 해역
2005-04-11,2005년 4월 11일,6.2,-7.6 N,-78.1 E,페루 트루질로 남서쪽 약 110km 지역
2005-04-11,2005년 4월 11일,6.5,-3.4 N,145.6 E,파푸아뉴기니 마당 북쪽 약 200km 해역
2005-04-11,2005년 4월 11일,6.2,2.8 N,96.7 E,인도네시아 투앙쿠 섬 북북서쪽 약60km 해역
2005-04-11,2005년 4월 11일,6.1,35.7 N,140.7 E,일본 동경 동쪽 약 85km 지역
2005-04-10,2005년 4월 10일,6.8,-1.1 N,99.4 E,인도네시아 수마트라섬 파당 서쪽 약 100km 해역
2005-04-03,2005년 4월 3일,6.4,2.2 N,97.9 E,인도네시아 수마트라섬 서부 해역
2005-03-31,2005년 3월 31일,6,1.8 N,97.2 E,인도네시아 수마트라섬 서부 해역
2005-03-31,2005년 3월 31일,6.5,3.2 N,95.4 E,인도네시아 수마트라섬 북서부 해역
2005-03-29,2005년 3월 29일,8.5,2.3 N,97.1 E,인도네시아 수마트라섬 서쪽 약 70km 해역
2005-03-22,2005년 3월 22일,5.1,33.7 N,130.2 E,일본 후쿠오카 북서쪽 약 45km 해역
2005-03-20,2005년 3월 20일,7,33.9 N,130.2 E,일본 후쿠오카 북서쪽 약45 km해역
2004-12-26,2004년 12월 26일,7.1,6.91 N,92.96 E,인도 니코바섬
2004-12-26,2004년 12월 26일,9,3.3 N,95.98 E,인도네시아 수마트라 서쪽해역
2004-12-23,2004년 12월 23일,8.1,-49.31 N,161.35 E,맥콰이어섬 북부
2004-12-02,2004년 12월 2일,5.5,-3.67 N,135.53 E,인도네시아 파퓨아
2004-11-29,2004년 11월 29일,7,43.01 N,145.12 E,일본 홋가이도
2004-11-26,2004년 11월 26일,7.1,-3.61 N,135.4 E,인도네시아 파류아
2004-11-23,2004년 11월 23일,7.1,-46.68 N,164.72 E,사우스아일랜드 서쪽 해역
2004-11-21,2004년 11월 21일,6.3,15.68 N,-61.71 E,리워드섬
2004-11-20,2004년 11월 20일,6.4,9.6 N,-84.17 E,코스타리카
2004-11-15,2004년 11월 15일,7.2,4.7 N,-77.51 E,콜롬비아 서쪽 해역
2004-11-12,2004년 11월 12일,7.5,-8.15 N,124.87 E,인도네시아 케프라우안
2004-10-23,2004년 10월 23일,6.6,37.23 N,138.78 E,일본 혼슈 서쪽 해역
2004-09-15,2004년 9월 15일,5.2,-8.77 N,115.36 E,인도네시아 발리
2004-09-07,2004년 9월 7일,6.4,-28.57 N,-65.84 E,아르헨티나 카타마르카
2004-09-05,2004년 9월 5일,7.4,33.18 N,137.07 E,일본 혼슈 남쪽 해역
2004-09-05,2004년 9월 5일,7.2,33.07 N,136.62 E,일본 혼슈 서부 해역
2004-08-10,2004년 8월 10일,5.1,27.27 N,103.87 E,중국 사천-운남-귀주 경계
2004-07-25,2004년 7월 25일,7.3,-2.43 N,103.98 E,인도네시아 수마트라 남부
2004-07-18,2004년 7월 18일,5.1,33.43 N,69.52 E,중앙아프카니스탄
2004-07-18,2004년 7월 18일,5.6,-38.0 N,176.51 E,뉴질랜드섬 북쪽
2004-07-15,2004년 7월 15일,7.1,-17.66 N,-178.76 E,피지
2004-07-12,2004년 7월 12일,5,46.3 N,13.64 E,슬로베니아
2004-05-01,2004년 5월 1일,5.2,24.08 N,121.61 E,대만
2004-04-06,2004년 4월 6일,6.6,36.51 N,71.03 E,아프카니스탄 힌두 쿠쉬
2004-02-24,2004년 2월 24일,6.4,35.14 N,-4.0 E,모로코 지브롤터 해협
2004-02-16,2004년 2월 16일,5.1,-0.47 N,100.66 E,인도네시아 수마트라 남부
2004-02-14,2004년 2월 14일,5.5,34.77 N,73.22 E,파키스탄
2004-02-07,2004년 2월 7일,7.3,-4.0 N,135.02 E,인도네시아 파푸아 남쪽 해역
2004-02-06,2004년 2월 6일,7,-3.62 N,135.54 E,인도네시아 파푸아
2004-01-04,2004년 1월 4일,7.1,-22.25 N,169.68 E,뉴칼레도니아 로얄티섬
2004-01-02,2004년 1월 2일,5.8,-8.31 N,115.79 E,인도네시아 발리
2003-12-28,2003년 12월 28일,7.3,-22.03 N,169.65 E,로얄티제도 남동부
2003-12-25,2003년 12월 25일,6.5,8.43 N,-82.45 E,파나마 코스타리카 경계
2003-12-23,2003년 12월 23일,6.5,35.71 N,-121.1 E,캘리포니아
2003-12-01,2003년 12월 1일,6,42.91 N,80.52 E,카자흐스탄 신장 경계 지역
2003-11-19,2003년 11월 19일,6.5,12.03 N,125.42 E,필리핀 사마르
2003-11-17,2003년 11월 17일,7.8,51.15 N,178.65 E,알래스카
2003-11-15,2003년 11월 15일,5,27.37 N,103.97 E,중국 스촨-운남-귀주 경계
2003-11-13,2003년 11월 13일,5.1,34.71 N,103.83 E,중국 감숙
2003-10-31,2003년 10월 31일,7,37.81 N,142.62 E,일본 혼슈 동해안
2003-10-25,2003년 10월 25일,5.8,38.4 N,100.51 E,중국 감숙-청해 경계
2003-10-16,2003년 10월 16일,5.6,25.95 N,101.25 E,중국 운남
2003-09-27,2003년 9월 27일,7.3,50.04 N,87.81 E,러시아 시베리아
2003-09-26,2003년 9월 26일,7.4,41.77 N,143.59 E,일본 혼슈
2003-09-26,2003년 9월 26일,8.3,41.82 N,143.91 E,일본 혼슈
2003-09-22,2003년 9월 22일,6.5,19.78 N,-70.67 E,도미니카 공화국
2003-08-21,2003년 8월 21일,7.2,-45.1 N,167.14 E,뉴질랜드 남부
2003-08-16,2003년 8월 16일,5.4,43.77 N,119.64 E,중국 내몽고
2003-08-04,2003년 8월 4일,7.5,-60.53 N,-43.41 E,스코틀랜드 해역
2003-07-27,2003년 7월 27일,5.6,22.85 N,92.61 E,인도-방글라데시 국경
2003-07-22,2003년 7월 22일,6,25.98 N,101.29 E,중국 운남
2003-07-16,2003년 7월 16일,7.6,-2.6 N,68.38 E,찰스버그 해령
2003-06-20,2003년 6월 20일,7.1,-7.61 N,-71.72 E,브라질 아마소나스
2003-05-28,2003년 5월 28일,5.8,36.94 N,3.58 E,알제리 북부
2003-05-27,2003년 5월 27일,7,2.35 N,128.86 E,인도네시아 할마헤라섬
2003-05-26,2003년 5월 26일,7,38.85 N,141.57 E,일본 혼슈 동쪽 해역
2003-05-22,2003년 5월 22일,6.8,36.96 N,3.63 E,알제리 북부
2003-05-05,2003년 5월 5일,5.8,39.43 N,77.22 E,중국 신장 남부
2003-03-29,2003년 3월 29일,5.9,35.98 N,70.59 E,아프가니스탄 힌드쿠쉬
2003-03-25,2003년 3월 25일,6.5,-8.29 N,120.74 E,인도네시아 플로레스
2003-03-18,2003년 3월 18일,7,51.27 N,177.98 E,알래스카
2003-02-25,2003년 2월 25일,5.3,39.48 N,77.39 E,중국 신장
2003-02-24,2003년 2월 24일,6.4,39.61 N,77.23 E,중국 신장
2003-01-22,2003년 1월 22일,7.6,18.77 N,-104.1 E,멕시코 콜리마 해역
2003-01-21,2003년 1월 21일,6.5,13.63 N,-90.77 E,과테말라
2003-01-20,2003년 1월 20일,7.3,-10.49 N,160.77 E,솔로몬
2002-11-21,2002년 11월 21일,6.4,35.4 N,74.52 E,파키스탄 카쉬미르
2002-11-17,2002년 11월 17일,7.3,47.98 N,146.29 E,쿠릴섬 북서 해역
2002-11-04,2002년 11월 4일,7.9,63.74 N,-147.69 E,알래스카 중부
2002-11-02,2002년 11월 2일,7.4,3.02 N,96.18 E,인도네시아 해역
2002-11-02,2002년 11월 2일,5.4,35.58 N,74.7 E,파키스탄 카쉬미르
2002-10-31,2002년 10월 31일,5.9,41.78 N,14.91 E,이탈리아 남부
2002-10-24,2002년 10월 24일,6.2,-1.9 N,28.9 E,콩고
2002-10-10,2002년 10월 10일,7.6,-1.68 N,134.16 E,인도네시아 해역
2002-09-14,2002년 9월 14일,6.5,13.04 N,93.07 E,인도 안다만섬
2002-09-09,2002년 9월 9일,7.6,-3.3 N,142.86 E,파푸아뉴기니아 해역
2002-09-06,2002년 9월 6일,5.9,38.38 N,13.7 E,이탈리아 해역
2002-08-19,2002년 8월 19일,7.7,-23.88 N,-178.5 E,피지섬 해역
2002-08-19,2002년 8월 19일,7.6,-21.7 N,-179.51 E,피지섬 해역
2002-06-29,2002년 6월 29일,7.3,43.75 N,130.67 E,중국 무단장 남쪽
2002-05-19,2002년 5월 19일,5.5,-2.91 N,33.73 E,빅토리아 호수 남쪽
2002-05-15,2002년 5월 15일,6.2,24.64 N,121.92 E,타이완 해역
2002-04-27,2002년 4월 27일,7.1,13.09 N,144.62 E,마리아섬 해역
2002-04-24,2002년 4월 24일,5.7,42.44 N,21.47 E,발칸반도
2002-04-12,2002년 4월 12일,5.9,35.96 N,69.42 E,아프카니스탄 힌두쿠시
2002-04-01,2002년 4월 1일,5.9,-6.19 N,147.42 E,파푸아뉴기니아 동부
2002-03-31,2002년 3월 31일,7.1,24.28 N,122.18 E,타이완 해역
2002-03-25,2002년 3월 25일,6.1,36.06 N,69.32 E,아프카니스탄 힌두쿠시
2002-03-06,2002년 3월 6일,7.5,6.03 N,124.25 E,필리핀 해역
2002-03-03,2002년 3월 3일,7.4,36.5 N,70.48 E,아프카니스탄 힌두쿠시
2002-01-10,2002년 1월 10일,6.7,-3.21 N,-142.43 E,파푸아뉴기니아 해안
2002-01-09,2002년 1월 9일,5.2,38.67 N,69.9 E,타지키스탄
2002-01-03,2002년 1월 3일,7.3,-17.6 N,167.86 E,바누아투섬 해역
2001-03-24,2001년 3월 24일,6.4,34.1 N,132.6 E,일본 히로시마 남남동쪽 약 50km해역
2000-10-06,2000년 10월 6일,7.3,35.3 N,133.4 E,일본 톳도리현 서쪽 약 80km 지역(히로시마 북동쪽 약 140km 지역)